"Label","Albany County, New York / Total / Estimate","Albany County, New York / Total / Margin of Error","Albany County, New York / Labor Force Participation Rate / Estimate","Albany County, New York / Labor Force Participation Rate / Margin of Error","Albany County, New York / Employment/Population Ratio / Estimate","Albany County, New York / Employment/Population Ratio / Margin of Error","Albany County, New York / Unemployment rate / Estimate","Albany County, New York / Unemployment rate / Margin of Error","Bronx County, New York / Total / Estimate","Bronx County, New York / Total / Margin of Error","Bronx County, New York / Labor Force Participation Rate / Estimate","Bronx County, New York / Labor Force Participation Rate / Margin of Error","Bronx County, New York / Employment/Population Ratio / Estimate","Bronx County, New York / Employment/Population Ratio / Margin of Error","Bronx County, New York / Unemployment rate / Estimate","Bronx County, New York / Unemployment rate / Margin of Error","Broome County, New York / Total / Estimate","Broome County, New York / Total / Margin of Error","Broome County, New York / Labor Force Participation Rate / Estimate","Broome County, New York / Labor Force Participation Rate / Margin of Error","Broome County, New York / Employment/Population Ratio / Estimate","Broome County, New York / Employment/Population Ratio / Margin of Error","Broome County, New York / Unemployment rate / Estimate","Broome County, New York / Unemployment rate / Margin of Error","Cattaraugus County, New York / Total / Estimate","Cattaraugus County, New York / Total / Margin of Error","Cattaraugus County, New York / Labor Force Participation Rate / Estimate","Cattaraugus County, New York / Labor Force Participation Rate / Margin of Error","Cattaraugus County, New York / Employment/Population Ratio / Estimate","Cattaraugus County, New York / Employment/Population Ratio / Margin of Error","Cattaraugus County, New York / Unemployment rate / Estimate","Cattaraugus County, New York / Unemployment rate / Margin of Error","Cayuga County, New York / Total / Estimate","Cayuga County, New York / Total / Margin of Error","Cayuga County, New York / Labor Force Participation Rate / Estimate","Cayuga County, New York / Labor Force Participation Rate / Margin of Error","Cayuga County, New York / Employment/Population Ratio / Estimate","Cayuga County, New York / Employment/Population Ratio / Margin of Error","Cayuga County, New York / Unemployment rate / Estimate","Cayuga County, New York / Unemployment rate / Margin of Error","Chautauqua County, New York / Total / Estimate","Chautauqua County, New York / Total / Margin of Error","Chautauqua County, New York / Labor Force Participation Rate / Estimate","Chautauqua County, New York / Labor Force Participation Rate / Margin of Error","Chautauqua County, New York / Employment/Population Ratio / Estimate","Chautauqua County, New York / Employment/Population Ratio / Margin of Error","Chautauqua County, New York / Unemployment rate / Estimate","Chautauqua County, New York / Unemployment rate / Margin of Error","Chemung County, New York / Total / Estimate","Chemung County, New York / Total / Margin of Error","Chemung County, New York / Labor Force Participation Rate / Estimate","Chemung County, New York / Labor Force Participation Rate / Margin of Error","Chemung County, New York / Employment/Population Ratio / Estimate","Chemung County, New York / Employment/Population Ratio / Margin of Error","Chemung County, New York / Unemployment rate / Estimate","Chemung County, New York / Unemployment rate / Margin of Error","Clinton County, New York / Total / Estimate","Clinton County, New York / Total / Margin of Error","Clinton County, New York / Labor Force Participation Rate / Estimate","Clinton County, New York / Labor Force Participation Rate / Margin of Error","Clinton County, New York / Employment/Population Ratio / Estimate","Clinton County, New York / Employment/Population Ratio / Margin of Error","Clinton County, New York / Unemployment rate / Estimate","Clinton County, New York / Unemployment rate / Margin of Error","Dutchess County, New York / Total / Estimate","Dutchess County, New York / Total / Margin of Error","Dutchess County, New York / Labor Force Participation Rate / Estimate","Dutchess County, New York / Labor Force Participation Rate / Margin of Error","Dutchess County, New York / Employment/Population Ratio / Estimate","Dutchess County, New York / Employment/Population Ratio / Margin of Error","Dutchess County, New York / Unemployment rate / Estimate","Dutchess County, New York / Unemployment rate / Margin of Error","Erie County, New York / Total / Estimate","Erie County, New York / Total / Margin of Error","Erie County, New York / Labor Force Participation Rate / Estimate","Erie County, New York / Labor Force Participation Rate / Margin of Error","Erie County, New York / Employment/Population Ratio / Estimate","Erie County, New York / Employment/Population Ratio / Margin of Error","Erie County, New York / Unemployment rate / Estimate","Erie County, New York / Unemployment rate / Margin of Error","Jefferson County, New York / Total / Estimate","Jefferson County, New York / Total / Margin of Error","Jefferson County, New York / Labor Force Participation Rate / Estimate","Jefferson County, New York / Labor Force Participation Rate / Margin of Error","Jefferson County, New York / Employment/Population Ratio / Estimate","Jefferson County, New York / Employment/Population Ratio / Margin of Error","Jefferson County, New York / Unemployment rate / Estimate","Jefferson County, New York / Unemployment rate / Margin of Error","Kings County, New York / Total / Estimate","Kings County, New York / Total / Margin of Error","Kings County, New York / Labor Force Participation Rate / Estimate","Kings County, New York / Labor Force Participation Rate / Margin of Error","Kings County, New York / Employment/Population Ratio / Estimate","Kings County, New York / Employment/Population Ratio / Margin of Error","Kings County, New York / Unemployment rate / Estimate","Kings County, New York / Unemployment rate / Margin of Error","Livingston County, New York / Total / Estimate","Livingston County, New York / Total / Margin of Error","Livingston County, New York / Labor Force Participation Rate / Estimate","Livingston County, New York / Labor Force Participation Rate / Margin of Error","Livingston County, New York / Employment/Population Ratio / Estimate","Livingston County, New York / Employment/Population Ratio / Margin of Error","Livingston County, New York / Unemployment rate / Estimate","Livingston County, New York / Unemployment rate / Margin of Error","Madison County, New York / Total / Estimate","Madison County, New York / Total / Margin of Error","Madison County, New York / Labor Force Participation Rate / Estimate","Madison County, New York / Labor Force Participation Rate / Margin of Error","Madison County, New York / Employment/Population Ratio / Estimate","Madison County, New York / Employment/Population Ratio / Margin of Error","Madison County, New York / Unemployment rate / Estimate","Madison County, New York / Unemployment rate / Margin of Error","Monroe County, New York / Total / Estimate","Monroe County, New York / Total / Margin of Error","Monroe County, New York / Labor Force Participation Rate / Estimate","Monroe County, New York / Labor Force Participation Rate / Margin of Error","Monroe County, New York / Employment/Population Ratio / Estimate","Monroe County, New York / Employment/Population Ratio / Margin of Error","Monroe County, New York / Unemployment rate / Estimate","Monroe County, New York / Unemployment rate / Margin of Error","Nassau County, New York / Total / Estimate","Nassau County, New York / Total / Margin of Error","Nassau County, New York / Labor Force Participation Rate / Estimate","Nassau County, New York / Labor Force Participation Rate / Margin of Error","Nassau County, New York / Employment/Population Ratio / Estimate","Nassau County, New York / Employment/Population Ratio / Margin of Error","Nassau County, New York / Unemployment rate / Estimate","Nassau County, New York / Unemployment rate / Margin of Error","New York County, New York / Total / Estimate","New York County, New York / Total / Margin of Error","New York County, New York / Labor Force Participation Rate / Estimate","New York County, New York / Labor Force Participation Rate / Margin of Error","New York County, New York / Employment/Population Ratio / Estimate","New York County, New York / Employment/Population Ratio / Margin of Error","New York County, New York / Unemployment rate / Estimate","New York County, New York / Unemployment rate / Margin of Error","Niagara County, New York / Total / Estimate","Niagara County, New York / Total / Margin of Error","Niagara County, New York / Labor Force Participation Rate / Estimate","Niagara County, New York / Labor Force Participation Rate / Margin of Error","Niagara County, New York / Employment/Population Ratio / Estimate","Niagara County, New York / Employment/Population Ratio / Margin of Error","Niagara County, New York / Unemployment rate / Estimate","Niagara County, New York / Unemployment rate / Margin of Error","Oneida County, New York / Total / Estimate","Oneida County, New York / Total / Margin of Error","Oneida County, New York / Labor Force Participation Rate / Estimate","Oneida County, New York / Labor Force Participation Rate / Margin of Error","Oneida County, New York / Employment/Population Ratio / Estimate","Oneida County, New York / Employment/Population Ratio / Margin of Error","Oneida County, New York / Unemployment rate / Estimate","Oneida County, New York / Unemployment rate / Margin of Error","Onondaga County, New York / Total / Estimate","Onondaga County, New York / Total / Margin of Error","Onondaga County, New York / Labor Force Participation Rate / Estimate","Onondaga County, New York / Labor Force Participation Rate / Margin of Error","Onondaga County, New York / Employment/Population Ratio / Estimate","Onondaga County, New York / Employment/Population Ratio / Margin of Error","Onondaga County, New York / Unemployment rate / Estimate","Onondaga County, New York / Unemployment rate / Margin of Error","Ontario County, New York / Total / Estimate","Ontario County, New York / Total / Margin of Error","Ontario County, New York / Labor Force Participation Rate / Estimate","Ontario County, New York / Labor Force Participation Rate / Margin of Error","Ontario County, New York / Employment/Population Ratio / Estimate","Ontario County, New York / Employment/Population Ratio / Margin of Error","Ontario County, New York / Unemployment rate / Estimate","Ontario County, New York / Unemployment rate / Margin of Error","Orange County, New York / Total / Estimate","Orange County, New York / Total / Margin of Error","Orange County, New York / Labor Force Participation Rate / Estimate","Orange County, New York / Labor Force Participation Rate / Margin of Error","Orange County, New York / Employment/Population Ratio / Estimate","Orange County, New York / Employment/Population Ratio / Margin of Error","Orange County, New York / Unemployment rate / Estimate","Orange County, New York / Unemployment rate / Margin of Error","Oswego County, New York / Total / Estimate","Oswego County, New York / Total / Margin of Error","Oswego County, New York / Labor Force Participation Rate / Estimate","Oswego County, New York / Labor Force Participation Rate / Margin of Error","Oswego County, New York / Employment/Population Ratio / Estimate","Oswego County, New York / Employment/Population Ratio / Margin of Error","Oswego County, New York / Unemployment rate / Estimate","Oswego County, New York / Unemployment rate / Margin of Error","Putnam County, New York / Total / Estimate","Putnam County, New York / Total / Margin of Error","Putnam County, New York / Labor Force Participation Rate / Estimate","Putnam County, New York / Labor Force Participation Rate / Margin of Error","Putnam County, New York / Employment/Population Ratio / Estimate","Putnam County, New York / Employment/Population Ratio / Margin of Error","Putnam County, New York / Unemployment rate / Estimate","Putnam County, New York / Unemployment rate / Margin of Error","Queens County, New York / Total / Estimate","Queens County, New York / Total / Margin of Error","Queens County, New York / Labor Force Participation Rate / Estimate","Queens County, New York / Labor Force Participation Rate / Margin of Error","Queens County, New York / Employment/Population Ratio / Estimate","Queens County, New York / Employment/Population Ratio / Margin of Error","Queens County, New York / Unemployment rate / Estimate","Queens County, New York / Unemployment rate / Margin of Error","Rensselaer County, New York / Total / Estimate","Rensselaer County, New York / Total / Margin of Error","Rensselaer County, New York / Labor Force Participation Rate / Estimate","Rensselaer County, New York / Labor Force Participation Rate / Margin of Error","Rensselaer County, New York / Employment/Population Ratio / Estimate","Rensselaer County, New York / Employment/Population Ratio / Margin of Error","Rensselaer County, New York / Unemployment rate / Estimate","Rensselaer County, New York / Unemployment rate / Margin of Error","Richmond County, New York / Total / Estimate","Richmond County, New York / Total / Margin of Error","Richmond County, New York / Labor Force Participation Rate / Estimate","Richmond County, New York / Labor Force Participation Rate / Margin of Error","Richmond County, New York / Employment/Population Ratio / Estimate","Richmond County, New York / Employment/Population Ratio / Margin of Error","Richmond County, New York / Unemployment rate / Estimate","Richmond County, New York / Unemployment rate / Margin of Error","Rockland County, New York / Total / Estimate","Rockland County, New York / Total / Margin of Error","Rockland County, New York / Labor Force Participation Rate / Estimate","Rockland County, New York / Labor Force Participation Rate / Margin of Error","Rockland County, New York / Employment/Population Ratio / Estimate","Rockland County, New York / Employment/Population Ratio / Margin of Error","Rockland County, New York / Unemployment rate / Estimate","Rockland County, New York / Unemployment rate / Margin of Error","St. Lawrence County, New York / Total / Estimate","St. Lawrence County, New York / Total / Margin of Error","St. Lawrence County, New York / Labor Force Participation Rate / Estimate","St. Lawrence County, New York / Labor Force Participation Rate / Margin of Error","St. Lawrence County, New York / Employment/Population Ratio / Estimate","St. Lawrence County, New York / Employment/Population Ratio / Margin of Error","St. Lawrence County, New York / Unemployment rate / Estimate","St. Lawrence County, New York / Unemployment rate / Margin of Error","Saratoga County, New York / Total / Estimate","Saratoga County, New York / Total / Margin of Error","Saratoga County, New York / Labor Force Participation Rate / Estimate","Saratoga County, New York / Labor Force Participation Rate / Margin of Error","Saratoga County, New York / Employment/Population Ratio / Estimate","Saratoga County, New York / Employment/Population Ratio / Margin of Error","Saratoga County, New York / Unemployment rate / Estimate","Saratoga County, New York / Unemployment rate / Margin of Error","Schenectady County, New York / Total / Estimate","Schenectady County, New York / Total / Margin of Error","Schenectady County, New York / Labor Force Participation Rate / Estimate","Schenectady County, New York / Labor Force Participation Rate / Margin of Error","Schenectady County, New York / Employment/Population Ratio / Estimate","Schenectady County, New York / Employment/Population Ratio / Margin of Error","Schenectady County, New York / Unemployment rate / Estimate","Schenectady County, New York / Unemployment rate / Margin of Error","Steuben County, New York / Total / Estimate","Steuben County, New York / Total / Margin of Error","Steuben County, New York / Labor Force Participation Rate / Estimate","Steuben County, New York / Labor Force Participation Rate / Margin of Error","Steuben County, New York / Employment/Population Ratio / Estimate","Steuben County, New York / Employment/Population Ratio / Margin of Error","Steuben County, New York / Unemployment rate / Estimate","Steuben County, New York / Unemployment rate / Margin of Error","Suffolk County, New York / Total / Estimate","Suffolk County, New York / Total / Margin of Error","Suffolk County, New York / Labor Force Participation Rate / Estimate","Suffolk County, New York / Labor Force Participation Rate / Margin of Error","Suffolk County, New York / Employment/Population Ratio / Estimate","Suffolk County, New York / Employment/Population Ratio / Margin of Error","Suffolk County, New York / Unemployment rate / Estimate","Suffolk County, New York / Unemployment rate / Margin of Error","Sullivan County, New York / Total / Estimate","Sullivan County, New York / Total / Margin of Error","Sullivan County, New York / Labor Force Participation Rate / Estimate","Sullivan County, New York / Labor Force Participation Rate / Margin of Error","Sullivan County, New York / Employment/Population Ratio / Estimate","Sullivan County, New York / Employment/Population Ratio / Margin of Error","Sullivan County, New York / Unemployment rate / Estimate","Sullivan County, New York / Unemployment rate / Margin of Error","Tompkins County, New York / Total / Estimate","Tompkins County, New York / Total / Margin of Error","Tompkins County, New York / Labor Force Participation Rate / Estimate","Tompkins County, New York / Labor Force Participation Rate / Margin of Error","Tompkins County, New York / Employment/Population Ratio / Estimate","Tompkins County, New York / Employment/Population Ratio / Margin of Error","Tompkins County, New York / Unemployment rate / Estimate","Tompkins County, New York / Unemployment rate / Margin of Error","Ulster County, New York / Total / Estimate","Ulster County, New York / Total / Margin of Error","Ulster County, New York / Labor Force Participation Rate / Estimate","Ulster County, New York / Labor Force Participation Rate / Margin of Error","Ulster County, New York / Employment/Population Ratio / Estimate","Ulster County, New York / Employment/Population Ratio / Margin of Error","Ulster County, New York / Unemployment rate / Estimate","Ulster County, New York / Unemployment rate / Margin of Error","Warren County, New York / Total / Estimate","Warren County, New York / Total / Margin of Error","Warren County, New York / Labor Force Participation Rate / Estimate","Warren County, New York / Labor Force Participation Rate / Margin of Error","Warren County, New York / Employment/Population Ratio / Estimate","Warren County, New York / Employment/Population Ratio / Margin of Error","Warren County, New York / Unemployment rate / Estimate","Warren County, New York / Unemployment rate / Margin of Error","Wayne County, New York / Total / Estimate","Wayne County, New York / Total / Margin of Error","Wayne County, New York / Labor Force Participation Rate / Estimate","Wayne County, New York / Labor Force Participation Rate / Margin of Error","Wayne County, New York / Employment/Population Ratio / Estimate","Wayne County, New York / Employment/Population Ratio / Margin of Error","Wayne County, New York / Unemployment rate / Estimate","Wayne County, New York / Unemployment rate / Margin of Error","Westchester County, New York / Total / Estimate","Westchester County, New York / Total / Margin of Error","Westchester County, New York / Labor Force Participation Rate / Estimate","Westchester County, New York / Labor Force Participation Rate / Margin of Error","Westchester County, New York / Employment/Population Ratio / Estimate","Westchester County, New York / Employment/Population Ratio / Margin of Error","Westchester County, New York / Unemployment rate / Estimate","Westchester County, New York / Unemployment rate / Margin of Error"
"Population 16 years and over","258431","770","66.2","1.5","63.0","1.6","4.7","1.0","1147618","1991","60.3","0.9","53.6","0.9","10.9","0.8","160796","709","56.2","2.1","52.2","2.2","7.1","1.6","62288","274","56.3","1.9","52.9","2.0","5.5","1.5","64581","633","59.6","2.6","57.1","2.6","4.2","1.1","105976","541","57.1","1.9","53.7","1.8","5.9","1.7","69136","539","57.6","3.0","54.0","3.0","6.0","2.1","68057","351","57.4","2.5","55.2","2.7","3.8","1.6","246475","816","62.2","1.6","59.6","1.6","4.2","0.8","759564","1214","63.4","0.8","60.4","0.8","4.6","0.6","89798","599","60.0","2.2","46.8","2.4","5.4","1.4","2102940","2253","63.6","0.5","59.5","0.5","6.4","0.4","54307","580","56.6","2.9","53.8","2.9","4.6","1.8","58763","634","60.2","2.7","58.2","2.7","3.3","1.1","609287","956","64.9","0.8","61.3","0.8","5.5","0.6","1110903","1945","64.6","0.6","62.4","0.7","3.4","0.3","1448507","1550","67.5","0.7","63.8","0.8","5.4","0.5","174055","635","62.0","1.8","58.9","1.8","4.9","1.1","187750","721","56.8","1.4","54.1","1.3","4.5","0.9","378377","766","61.7","1.0","57.9","0.9","6.0","0.8","90332","812","63.3","2.1","61.2","2.4","3.3","1.4","296371","1141","64.0","1.5","59.7","1.5","4.5","0.9","96763","538","62.0","2.2","57.4","2.2","7.3","1.8","82653","699","67.2","2.8","63.8","3.1","5.1","2.1","1933721","2224","64.2","0.5","60.8","0.5","5.2","0.3","131980","708","64.0","1.7","60.7","1.9","5.0","1.6","387287","1178","59.2","1.4","56.6","1.4","4.3","0.7","246943","904","65.1","1.5","61.9","1.5","4.6","0.9","90442","575","53.4","2.3","49.8","2.6","6.6","1.9","190032","632","67.1","1.4","64.2","1.5","3.0","0.7","126603","1016","60.8","2.7","54.5","2.8","10.3","2.8","78151","371","58.3","1.9","54.9","2.0","5.7","1.4","1215663","1856","64.5","0.7","61.9","0.7","4.0","0.4","61812","856","56.9","3.1","51.0","3.2","10.4","3.6","92037","553","57.4","2.5","55.5","2.5","3.3","1.3","151417","742","60.6","1.9","57.3","2.3","5.3","1.7","54722","341","62.7","3.0","60.0","2.9","4.4","2.0","73716","434","62.5","2.5","59.5","2.5","4.6","1.5","789780","1439","65.6","0.9","62.3","0.9","5.1","0.6"
"AGE","","","","","","","","","","","","","","","","","","","","","","","","","","","","","","","","","","","","","","","","","","","","","","","","","","","","","","","","","","","","","","","","","","","","","","","","","","","","","","","","","","","","","","","","","","","","","","","","","","","","","","","","","","","","","","","","","","","","","","","","","","","","","","","","","","","","","","","","","","","","","","","","","","","","","","","","","","","","","","","","","","","","","","","","","","","","","","","","","","","","","","","","","","","","","","","","","","","","","","","","","","","","","","","","","","","","","","","","","","","","","","","","","","","","","","","","","","","","","","","","","","","","","","","","","","","","","","","","","","","","","","","","","","","","","","","","","","","","","","","","","","","","","","","","","","","","","","","","","","","","","","","","","","","","","","","",""
"16 to 19 years","20467","1445","46.7","6.7","37.5","6.0","19.6","7.4","81380","1827","26.2","2.5","15.9","2.3","39.2","5.7","13129","882","33.9","6.8","24.6","6.5","27.5","13.3","4473","330","23.5","7.0","21.1","6.5","10.4","6.7","3968","681","48.1","9.8","47.5","9.8","1.3","1.7","7843","636","46.7","7.8","36.6","6.9","21.5","11.1","3581","558","30.3","9.1","22.5","7.7","25.6","17.7","5627","865","34.1","8.9","28.5","9.3","16.3","10.8","17884","1102","37.7","7.1","32.7","6.7","13.3","6.3","49648","1547","41.5","3.5","34.8","3.6","16.1","4.1","5727","578","48.6","9.2","21.9","5.8","24.6","15.8","111528","2248","18.8","1.8","13.9","1.5","25.9","5.3","5243","778","33.1","12.0","30.3","12.2","8.5","10.1","5526","888","30.8","8.1","28.9","7.8","6.2","7.5","42021","1238","40.3","3.6","33.9","3.2","15.9","3.4","70563","1959","28.3","2.3","26.0","2.4","8.3","2.7","58177","1677","20.1","3.0","12.9","2.4","34.3","8.0","10153","743","52.7","9.4","46.7","9.0","10.7","7.3","13410","1275","32.6","6.4","28.7","5.7","12.1","5.1","28293","1215","32.8","4.6","25.8","3.9","21.2","6.0","5803","862","42.9","10.0","40.0","11.5","6.8","8.4","23739","1577","33.8","5.4","25.5","5.2","21.3","9.1","7821","751","41.5","7.1","30.8","7.6","25.8","11.4","5952","1098","42.3","13.6","35.6","13.4","15.9","16.3","94964","2196","22.2","2.3","18.1","2.1","18.1","5.0","9487","745","32.3","6.3","27.6","6.9","14.7","14.9","21995","1283","23.9","5.2","21.1","4.9","9.8","6.0","18568","1166","27.6","6.5","24.6","6.0","10.9","7.1","8991","664","27.8","7.5","21.9","5.9","21.2","11.4","12831","936","31.4","7.1","27.8","7.3","11.5","8.8","9192","2078","29.2","7.6","26.6","8.3","8.7","12.0","4671","379","28.9","7.8","23.9","7.5","17.3","14.2","79911","2132","36.3","2.9","32.4","2.9","10.6","3.3","4542","1082","46.9","10.7","25.8","9.5","44.8","17.5","12377","1280","38.6","5.0","37.1","4.9","3.8","6.4","9535","1069","38.4","8.0","33.0","7.9","14.0","8.5","3230","616","49.3","13.0","47.8","12.6","3.1","6.3","5022","872","54.6","10.9","47.7","10.7","8.9","6.7","51851","1502","30.1","3.5","25.0","3.3","17.0","5.3"
"20 to 24 years","32698","1447","72.7","5.6","68.2","6.0","6.1","4.5","112967","685","66.4","2.8","52.2","3.0","21.4","3.3","19788","830","62.3","6.9","51.2","6.6","17.7","6.9","5009","303","72.2","7.0","55.8","8.9","22.7","9.7","4624","376","77.5","7.6","64.8","8.2","16.3","7.4","9243","775","68.8","8.4","60.0","8.6","12.8","7.0","5273","503","70.1","10.3","63.8","10.3","9.1","7.1","7297","599","65.1","8.6","63.8","8.5","2.1","3.1","22351","792","70.0","4.7","66.1","4.9","5.6","3.2","59956","1099","74.9","3.5","69.8","3.6","6.8","2.0","11828","590","78.6","6.3","44.7","7.6","10.0","6.5","170552","612","64.5","2.1","56.6","2.2","12.2","1.9","6133","296","62.1","11.9","55.6","12.6","9.5","9.6","5129","644","58.2","11.6","54.9","11.5","5.7","5.1","52121","737","79.4","2.9","70.8","2.9","10.8","2.5","88735","232","68.0","2.8","62.8","3.0","7.1","1.8","117061","889","64.3","3.2","57.7","3.1","10.3","2.1","12898","778","81.7","5.2","76.4","6.0","6.5","4.3","13839","875","65.5","7.9","59.5","8.0","9.1","6.1","32920","1041","67.8","3.7","60.8","4.0","10.1","2.6","6530","251","88.1","4.6","81.0","6.1","8.0","5.4","27909","1080","73.2","5.0","60.7","5.2","4.5","2.5","8747","410","80.4","6.7","70.2","7.0","12.0","6.9","5254","965","72.4","13.1","64.1","12.1","11.5","9.4","143455","409","65.4","2.4","57.4","2.4","12.1","1.8","11446","625","80.0","5.0","71.6","6.7","10.5","5.9","31213","605","60.4","6.2","55.1","6.2","8.7","2.7","22390","925","71.7","6.2","64.3","6.8","9.3","4.1","8896","366","63.2","9.1","53.8","9.9","14.9","8.8","12787","385","78.9","6.6","69.4","7.5","5.4","2.7","9958","1604","85.0","4.7","61.4","12.0","27.7","14.3","5469","298","80.4","6.6","63.1","9.8","21.5","10.0","98806","1145","70.3","2.9","64.5","2.9","8.1","1.8","3960","1182","67.4","14.0","57.6","13.2","14.6","11.1","17739","1490","42.7","8.1","41.6","8.0","2.7","3.0","10970","911","67.3","9.1","59.8","9.0","11.0","6.2","3107","585","87.5","8.6","77.2","14.6","11.8","14.5","5089","531","81.2","10.1","78.9","9.9","2.9","3.1","62361","449","75.4","3.0","65.7","3.6","12.9","2.9"
"25 to 29 years","19673","1078","90.1","3.7","85.1","4.2","5.6","2.6","128709","395","80.6","2.6","70.5","3.0","12.5","2.1","10834","694","81.6","7.3","77.3","7.7","5.2","3.1","4154","184","83.2","6.4","75.8","8.5","8.3","6.4","5096","369","66.8","9.2","66.6","9.1","0.3","0.5","7341","308","69.2","7.8","65.2","8.0","5.9","5.4","5467","532","73.0","11.3","69.2","10.7","5.2","6.9","5340","394","71.5","8.1","67.9","8.4","4.1","4.6","17509","485","83.3","5.8","78.2","6.1","5.9","4.2","69617","205","88.0","2.3","83.1","2.5","5.4","1.6","10181","751","78.6","6.4","55.1","8.6","3.0","2.6","254220","489","81.9","1.5","76.0","1.5","7.1","0.8","3691","447","78.6","9.5","73.9","11.0","6.0","5.6","3630","186","81.9","8.4","81.9","8.4","0.0","5.4","55406","147","85.6","2.7","80.0","3.0","6.5","2.2","81198","196","84.5","2.2","80.1","2.4","5.1","1.2","195787","239","86.6","1.6","82.9","2.0","4.2","1.2","13394","739","88.0","4.9","79.9","6.4","9.2","4.9","14726","808","78.2","4.9","76.1","5.1","2.6","2.5","31854","545","81.3","3.7","73.3","3.6","9.3","3.3","6047","267","86.0","7.8","79.1","7.8","6.7","6.4","22951","528","79.5","4.8","72.4","5.2","6.5","3.2","7503","206","84.8","5.5","71.8","9.3","15.3","9.7","5089","577","90.2","6.9","82.6","8.9","8.5","6.2","200115","941","84.1","1.4","78.8","1.6","6.2","1.1","10885","476","91.1","4.1","84.9","5.0","6.2","4.4","34330","4","78.6","4.8","74.0","4.3","5.9","2.8","19293","687","73.5","6.1","69.6","6.4","5.4","3.7","6896","284","72.5","8.1","69.0","7.9","4.8","3.3","13131","563","90.4","5.5","82.9","6.3","2.8","2.1","8873","926","79.5","10.9","71.9","11.8","9.6","7.6","5377","107","88.6","4.6","83.1","5.2","6.2","3.8","92080","303","81.7","2.7","77.3","2.8","4.9","1.5","3676","371","84.0","8.0","78.6","9.2","6.5","4.9","7921","1078","75.8","10.2","72.4","10.3","4.5","4.5","11157","534","76.8","7.9","70.5","8.5","7.0","5.1","4451","647","81.0","15.1","80.0","15.0","1.3","2.2","4996","291","82.4","7.4","80.7","7.8","2.0","2.7","55014","6","83.3","2.8","78.3","3.1","5.9","2.4"
"30 to 34 years","19543","1287","88.6","3.6","85.9","3.9","3.0","2.2","109050","447","79.1","2.4","70.5","3.0","10.6","2.1","10280","487","79.8","6.1","76.9","6.3","3.7","3.0","4017","136","83.7","5.1","77.5","7.5","4.0","4.1","4849","313","84.4","6.3","71.4","9.7","15.4","10.0","7142","538","80.8","5.6","72.8","8.5","9.8","9.3","5551","455","70.7","10.8","62.0","11.9","12.2","8.9","4857","326","78.9","7.9","72.7","12.0","7.9","11.1","17069","961","81.0","5.4","76.6","6.1","5.5","3.1","62018","279","86.5","2.3","81.4","2.8","5.6","1.8","8911","769","75.0","7.7","58.1","8.3","4.0","3.9","234683","463","83.8","1.2","78.8","1.5","5.8","1.0","3433","259","82.3","8.3","78.5","8.8","4.6","5.5","3481","71","75.4","11.6","71.5","13.4","5.2","6.9","50168","110","85.0","2.6","79.7","2.6","5.9","1.9","78289","5","85.7","2.2","83.1","2.2","3.0","1.1","179207","320","87.7","2.0","83.9","2.1","4.2","1.3","12805","614","83.9","5.4","80.7","5.8","3.9","2.6","14740","813","80.0","4.6","77.5","4.7","2.7","2.0","29909","114","87.3","3.2","82.6","3.5","5.2","2.4","5989","625","74.1","10.1","73.7","10.1","0.6","1.0","21728","866","85.1","4.7","78.8","4.9","5.9","3.0","6601","200","84.5","7.7","76.7","7.9","9.2","5.2","6040","765","83.3","7.3","78.3","8.8","6.0","5.3","186138","264","85.3","1.4","81.1","1.5","4.9","0.9","10887","708","89.3","5.2","85.3","6.3","4.5","4.7","29746","924","79.8","4.0","76.8","4.4","3.8","2.5","17774","687","82.8","3.6","81.4","3.8","1.6","1.3","6509","328","81.8","5.3","76.4","7.3","5.4","5.2","14045","587","86.8","4.5","81.2","6.3","5.3","4.0","9770","1163","82.1","8.7","80.6","8.5","1.8","2.1","5560","304","87.2","5.3","84.8","5.7","2.7","2.4","83639","259","80.4","2.8","77.6","2.7","3.5","1.2","4685","992","92.5","5.3","69.4","14.2","25.0","16.2","5742","419","78.8","9.3","74.5","10.4","5.5","6.0","10553","822","74.0","6.3","70.8","6.4","4.3","4.5","3368","200","89.0","7.1","81.8","9.8","8.0","7.4","4649","229","87.2","7.3","80.7","8.0","7.4","5.7","57647","155","87.4","2.8","84.4","3.0","3.4","1.6"
"35 to 44 years","36238","1359","88.6","3.0","86.0","3.2","2.9","1.6","186598","579","77.1","2.3","70.9","2.2","8.0","1.5","19349","568","78.8","4.6","73.9","4.8","6.3","3.0","8528","296","76.3","5.9","73.8","6.1","3.2","2.5","9068","397","78.6","4.5","76.2","4.7","3.1","2.5","13652","501","82.2","6.0","78.9","5.6","4.0","3.3","9550","509","70.6","9.1","68.1","9.5","2.5","2.9","9640","359","76.8","6.3","76.0","6.2","1.0","1.1","33795","870","82.2","3.9","79.5","4.2","3.3","1.9","102186","492","83.5","1.9","80.7","1.9","3.3","0.9","12681","602","75.7","5.3","62.1","6.0","7.1","3.9","367676","374","82.3","1.1","77.9","1.1","5.3","0.7","6430","356","77.9","6.9","73.6","6.5","5.6","5.5","7377","391","92.3","3.6","92.1","3.7","0.2","0.4","84153","270","86.1","1.8","82.2","1.9","4.6","1.4","163083","216","85.0","1.4","82.9","1.4","2.3","0.7","238266","195","85.3","1.7","81.2","1.7","4.8","1.1","23374","664","87.4","3.4","84.5","3.6","3.0","1.9","24303","808","77.5","4.4","72.9","4.7","4.9","2.3","51497","517","83.9","2.1","79.0","2.5","5.3","1.8","11896","671","89.5","4.1","88.2","4.7","1.4","2.0","45702","924","83.5","3.1","79.5","3.3","3.7","1.5","13134","464","84.7","5.1","82.1","5.3","3.0","2.0","12033","762","86.1","5.0","86.1","5.0","0.0","1.6","325972","750","83.4","0.9","79.9","1.0","4.0","0.5","18506","789","85.9","4.3","81.6","5.2","4.0","2.5","61066","941","82.4","2.6","78.7","3.0","4.0","1.6","37215","721","85.9","3.1","82.8","3.2","3.2","1.4","11976","433","77.2","5.7","70.9","6.5","8.1","5.9","29229","809","87.3","2.6","86.0","2.8","1.2","0.9","19473","1594","86.7","5.0","81.6","5.6","5.0","3.3","10758","332","88.8","3.6","84.9","3.9","4.2","1.9","176332","212","84.7","1.6","82.1","1.8","3.0","0.7","8521","771","70.0","8.5","63.3","9.6","9.5","7.5","11811","775","82.7","7.0","81.4","7.3","1.6","1.6","20932","1370","82.0","4.0","79.6","4.4","2.9","2.5","7008","466","83.5","6.6","81.4","6.5","2.5","3.0","9864","473","77.2","7.0","72.5","6.7","6.0","4.4","124979","272","84.0","1.8","80.8","2.0","3.7","1.3"
"45 to 54 years","38381","977","82.6","3.0","80.2","3.1","2.9","1.7","187140","371","75.0","2.1","68.9","2.0","7.9","1.2","23828","635","74.6","4.7","71.4","5.2","4.3","2.4","10040","230","81.5","4.2","79.4","4.6","2.5","1.6","10963","536","79.1","6.1","78.6","6.1","0.6","0.7","16002","386","77.4","3.8","75.9","3.7","1.9","1.2","11375","625","79.3","5.4","74.8","5.6","5.6","4.1","10639","311","78.2","5.6","77.7","5.6","0.7","0.8","43250","569","82.5","3.0","81.1","3.0","1.7","0.9","121298","427","82.1","1.6","79.5","1.7","2.9","0.8","13110","693","68.6","5.7","64.7","5.5","2.2","1.8","314923","436","80.0","1.1","75.5","1.3","5.6","0.7","8659","375","74.6","7.3","72.2","7.1","2.2","2.1","9834","289","84.0","5.4","80.6","5.7","4.0","2.5","97737","146","81.5","1.9","79.1","2.0","2.9","0.9","196234","459","83.6","1.4","81.7","1.5","2.4","0.7","206436","567","81.9","1.7","77.9","2.1","4.8","1.2","28874","539","83.5","3.2","79.4","3.4","4.9","2.3","32009","1062","76.8","3.7","73.3","3.9","4.6","1.8","61573","534","80.7","2.2","76.8","2.4","4.8","1.2","16046","625","83.7","4.8","82.7","4.7","1.2","1.1","53676","622","82.1","2.6","79.9","2.8","2.4","1.0","16792","295","80.6","4.4","76.6","4.5","4.3","2.6","16321","750","80.9","6.0","79.6","5.9","1.6","1.9","324000","740","82.3","1.2","79.2","1.3","3.8","0.6","21418","786","83.4","4.2","80.9","4.3","2.7","2.0","67665","140","77.1","2.9","74.6","2.9","3.2","1.3","40845","250","86.2","3.1","82.2","3.4","4.7","2.1","13804","305","74.4","4.2","72.7","4.6","2.3","1.8","35425","743","89.0","2.8","86.5","2.9","2.1","1.0","21804","1814","78.3","6.6","64.0","6.7","18.3","8.8","13230","263","76.5","5.8","73.5","5.7","3.9","2.3","227807","311","83.5","1.4","80.1","1.6","3.9","0.8","11249","542","79.9","8.4","78.8","8.4","1.4","1.5","10706","576","84.3","6.3","83.4","6.3","1.0","1.3","25923","1081","79.7","3.7","74.3","4.7","6.8","3.7","9074","229","82.4","8.8","78.3","8.7","5.0","4.7","13212","490","85.9","3.9","81.2","5.3","5.5","3.4","143109","352","84.1","1.7","80.7","1.8","4.0","1.0"
"55 to 59 years","18963","1352","73.0","5.2","70.6","5.3","3.3","2.1","83330","3885","66.1","2.8","62.0","3.0","6.2","2.1","14672","1222","71.5","5.2","70.1","5.3","2.0","1.6","6160","604","58.1","7.6","56.3","7.6","3.1","2.4","5491","702","67.3","8.2","66.4","8.2","1.4","1.5","8292","852","71.0","6.1","69.9","6.2","1.6","1.9","6542","927","77.5","7.6","75.9","8.1","2.0","2.6","6117","689","66.6","8.1","60.2","8.7","9.6","7.8","23633","1518","74.9","4.3","71.9","4.4","4.1","2.0","72012","3205","73.6","2.1","70.8","2.1","3.8","1.1","6682","909","61.8","9.5","60.4","9.5","2.3","1.7","146795","4635","72.5","1.8","68.8","1.9","5.1","1.0","4578","769","72.5","8.4","71.4","8.6","1.5","1.9","6221","984","74.8","8.0","71.4","9.1","4.6","4.7","52488","2617","75.8","2.6","73.2","2.8","3.4","1.2","99409","3776","79.4","2.0","76.9","2.1","3.2","1.1","98118","4864","73.5","2.9","69.6","3.2","5.3","1.7","16680","1445","65.6","5.2","63.1","5.7","3.8","2.5","18030","1390","70.0","4.7","68.0","4.9","2.8","2.0","34523","1878","74.4","2.9","72.7","2.9","2.2","1.2","9026","930","71.9","8.9","68.3","9.1","5.0","3.9","27080","1591","69.4","4.6","66.9","4.9","3.5","2.0","9012","995","70.1","6.9","68.3","6.8","2.5","3.0","7916","1153","87.1","5.9","81.6","6.0","6.3","4.5","158780","3931","73.0","1.9","70.8","2.1","3.0","0.8","10456","1063","70.2","6.4","66.8","6.6","4.8","3.7","31658","2055","69.2","4.5","67.8","4.5","2.0","1.1","21309","1577","81.1","4.2","77.6","4.3","4.4","2.2","8798","828","60.8","8.1","58.3","8.0","4.2","3.8","16503","1304","82.4","4.6","79.5","5.1","3.3","2.6","11316","1302","66.7","8.8","64.7","8.8","3.0","3.1","8165","680","66.6","7.6","65.0","7.6","2.5","2.0","112449","3883","76.1","2.1","74.6","2.1","1.9","0.7","5952","1001","58.3","11.6","57.5","11.4","1.4","1.9","5875","821","71.1","7.4","68.7","8.0","3.3","3.8","15099","1375","74.7","5.7","71.3","6.2","4.5","3.0","4680","721","75.6","7.9","74.8","7.9","1.0","1.4","7748","916","74.4","6.3","71.8","6.4","3.5","3.0","68451","3448","77.6","2.3","75.2","2.3","3.1","1.0"
"60 to 64 years","21950","1518","62.5","4.9","59.1","5.1","5.4","3.3","76736","3881","50.3","3.6","47.9","3.6","4.8","1.8","12741","1237","56.4","6.7","56.0","6.7","0.8","1.3","5531","606","55.1","7.5","54.5","7.4","1.1","1.3","6163","689","56.0","7.8","55.6","7.8","0.7","1.2","10911","838","51.2","6.3","49.1","6.5","4.2","3.0","6320","821","59.6","10.0","57.0","9.8","4.2","4.7","5512","675","45.5","8.4","45.5","8.4","0.0","6.4","20712","1517","64.1","4.2","62.0","4.5","3.3","2.2","61214","3211","59.3","3.3","58.4","3.2","1.5","0.8","5737","770","40.4","10.3","38.3","10.6","5.1","5.2","145580","4620","55.4","2.4","53.1","2.3","4.2","1.1","5325","786","51.5","7.9","48.9","8.2","5.1","5.0","5142","960","56.3","9.2","52.6","9.4","6.7","7.8","50065","2592","61.2","3.2","59.2","3.2","3.3","1.2","95172","3745","68.0","2.3","65.6","2.2","3.4","1.1","89232","4710","62.4","3.3","59.2","3.6","5.2","2.0","16880","1451","52.6","6.3","51.3","6.3","2.4","1.9","14250","1251","54.2","5.9","52.0","5.8","3.9","2.4","31230","1836","58.2","3.8","56.9","3.7","2.2","1.1","8024","978","51.3","8.6","51.3","8.6","0.0","3.9","21506","1531","61.1","5.2","60.8","5.2","0.5","0.6","8435","981","56.2","9.4","55.0","9.5","2.0","2.4","8103","1310","64.1","8.0","61.5","8.4","4.2","4.4","145343","3954","60.8","2.2","58.9","2.2","3.1","0.8","12025","1113","55.9","7.6","55.8","7.6","0.1","0.2","33853","2057","56.7","4.6","55.8","4.6","1.5","1.1","18699","1608","66.7","6.8","62.3","6.9","6.6","3.9","6403","830","40.2","8.1","39.6","8.0","1.4","1.7","16155","1314","58.6","5.2","56.3","5.1","3.9","2.8","9981","1284","56.5","8.6","55.0","8.4","2.5","3.0","6443","668","40.0","8.2","39.3","8.1","1.7","2.8","99886","3871","67.8","2.4","65.9","2.4","2.9","1.0","5342","923","36.4","9.9","36.1","9.8","1.0","1.6","5596","897","58.5","8.5","56.6","8.8","3.3","4.1","13153","1370","57.7","6.0","56.8","5.9","1.5","1.7","5647","735","68.7","8.7","64.5","8.4","6.2","7.2","6508","856","52.1","7.6","51.2","7.5","1.7","2.1","63402","3450","66.5","2.8","64.5","2.8","3.0","1.2"
"65 to 74 years","29118","643","30.7","3.4","30.3","3.4","1.3","1.0","101848","654","21.9","2.5","20.6","2.5","5.8","2.4","19131","460","23.9","4.6","23.2","4.6","2.8","3.4","8189","100","23.3","4.8","23.3","4.8","0.0","8.3","8402","291","25.8","5.0","25.6","4.9","0.6","1.2","14381","355","24.5","5.1","23.8","5.0","2.8","4.7","8612","188","24.8","7.4","22.9","7.2","7.6","7.1","7632","145","24.8","6.8","23.6","6.8","5.0","8.1","27801","751","23.2","3.4","22.1","3.5","4.8","3.3","90484","478","24.2","2.1","23.0","1.9","4.9","2.2","8750","216","19.5","5.7","19.5","5.7","0.0","9.2","201842","533","26.3","1.3","25.4","1.3","3.3","0.9","6357","168","26.1","6.7","26.1","6.7","0.0","9.5","7248","113","29.2","6.4","29.2","6.4","0.0","7.5","71286","501","29.0","2.7","27.7","2.5","4.4","1.8","131012","201","35.4","1.9","34.8","1.9","1.8","0.9","146448","321","33.2","2.1","32.1","2.1","3.5","1.7","22051","341","18.1","4.1","17.6","4.1","3.0","3.7","23185","565","20.9","4.1","20.4","3.9","2.2","2.4","43231","398","25.5","2.8","25.0","2.8","2.0","1.5","12548","256","28.7","5.5","26.9","5.7","6.4","7.7","31007","420","26.0","3.9","24.4","3.9","6.0","5.3","11393","132","17.1","5.0","16.8","4.9","1.9","2.4","9548","304","28.3","6.9","25.7","6.9","9.2","12.0","199008","338","24.4","1.5","23.2","1.5","5.2","1.6","15833","414","25.4","4.9","24.4","4.6","3.9","5.7","45376","474","22.1","3.4","20.1","3.2","8.9","4.8","29086","582","37.2","4.2","37.2","4.2","0.0","1.5","10586","156","17.8","6.0","17.6","6.0","1.3","2.4","24329","446","33.1","4.4","32.9","4.4","0.6","0.8","13880","628","23.5","5.2","22.8","5.2","3.0","3.7","10725","221","19.0","4.1","19.0","4.1","0.0","7.8","138715","124","29.5","2.0","29.0","2.0","1.6","0.8","8539","496","27.6","8.2","24.4","7.6","11.6","10.6","8977","464","35.9","7.0","32.0","6.9","10.9","9.3","20557","542","31.9","4.7","31.3","4.6","1.7","1.7","8432","293","29.1","5.6","28.6","5.4","1.7","2.9","9953","295","25.3","7.9","25.0","7.9","1.4","2.5","87434","381","35.1","2.7","33.9","2.6","3.7","1.3"
"75 years and over","21400","401","10.8","3.0","10.6","3.0","1.9","3.2","79860","217","6.2","1.6","6.2","1.6","0.4","0.8","17044","370","7.2","3.0","6.6","2.9","8.2","9.9","6187","211","5.4","2.8","5.2","2.8","4.5","7.4","5957","26","7.1","3.3","7.1","3.3","0.0","31.3","11169","179","8.9","2.9","8.9","2.9","0.0","15.2","6865","217","5.8","4.0","5.8","4.0","0.0","32.7","5396","43","9.9","5.9","9.9","5.9","0.0","26.0","22471","752","7.5","2.6","7.4","2.6","1.4","2.5","71131","448","7.0","1.3","6.8","1.3","2.6","3.0","6191","169","6.7","4.1","6.6","4.1","1.2","3.0","155141","293","4.6","0.8","4.4","0.8","4.1","3.2","4458","41","6.6","3.6","6.6","3.6","0.0","38.8","5175","120","6.8","4.4","6.8","4.4","0.0","35.3","53842","489","7.3","1.7","7.2","1.7","1.8","2.9","107208","253","8.8","1.1","8.7","1.1","0.9","1.1","119775","92","12.3","2.1","11.9","2.1","3.3","2.6","16946","263","6.9","2.7","6.9","2.7","0.0","13.2","19258","439","6.9","2.1","6.9","2.1","0.0","11.6","33347","374","6.2","1.8","6.0","1.7","3.8","6.2","8423","128","12.0","5.2","12.0","5.2","0.0","15.0","21073","384","10.3","3.5","10.3","3.5","0.0","7.3","7325","121","2.2","2.1","2.2","2.1","0.0","53.0","6397","331","19.8","9.7","16.6","9.4","16.0","20.3","155946","459","5.1","0.8","4.4","0.7","13.2","6.9","11037","412","7.7","3.9","6.6","3.8","13.9","16.7","30385","449","3.2","1.2","3.2","1.2","0.0","15.6","21764","567","12.8","4.0","12.2","3.9","4.9","6.0","7583","96","6.7","4.2","6.7","4.2","0.0","27.1","15597","236","7.5","3.1","7.5","3.1","0.0","13.1","12356","675","3.1","1.5","2.7","1.4","12.9","20.3","7753","166","5.8","2.5","5.8","2.5","0.0","29.9","106038","383","8.8","1.5","8.6","1.5","2.7","2.5","5346","400","4.8","3.2","4.8","3.2","0.0","41.8","5293","58","8.6","5.9","8.6","5.9","0.0","29.5","13538","394","7.9","4.0","7.9","4.0","0.0","14.3","5725","105","3.9","3.1","3.9","3.1","0.0","44.8","6675","185","6.1","4.3","6.1","4.3","0.0","32.0","75532","310","10.7","2.0","10.1","1.9","6.4","3.8"
"RACE AND HISPANIC OR LATINO ORIGIN","","","","","","","","","","","","","","","","","","","","","","","","","","","","","","","","","","","","","","","","","","","","","","","","","","","","","","","","","","","","","","","","","","","","","","","","","","","","","","","","","","","","","","","","","","","","","","","","","","","","","","","","","","","","","","","","","","","","","","","","","","","","","","","","","","","","","","","","","","","","","","","","","","","","","","","","","","","","","","","","","","","","","","","","","","","","","","","","","","","","","","","","","","","","","","","","","","","","","","","","","","","","","","","","","","","","","","","","","","","","","","","","","","","","","","","","","","","","","","","","","","","","","","","","","","","","","","","","","","","","","","","","","","","","","","","","","","","","","","","","","","","","","","","","","","","","","","","","","","","","","","","","","","","","","","","",""
"White alone","199863","1568","66.7","1.5","64.6","1.5","3.2","0.9","271980","10139","54.4","1.7","49.1","1.7","9.6","1.8","139887","850","56.6","2.2","53.3","2.3","5.8","1.6","58211","294","56.8","1.9","54.1","1.9","4.3","1.4","58961","506","61.6","2.5","59.1","2.5","4.1","1.2","97782","665","57.3","2.0","54.8","1.9","4.4","1.3","61502","356","58.2","2.9","54.9","2.9","5.6","2.1","61239","435","60.3","2.8","58.0","3.0","3.6","1.6","196820","2164","63.2","1.5","60.8","1.7","3.8","0.9","605091","2015","64.1","0.8","61.9","0.8","3.3","0.4","78204","692","59.2","2.6","48.0","2.8","5.3","1.4","911757","8004","65.5","0.6","62.4","0.6","4.7","0.4","49899","432","57.0","2.8","54.5","2.9","4.2","1.9","56010","631","60.0","2.8","58.0","2.9","3.5","1.2","474873","2406","65.5","1.0","62.9","1.0","4.1","0.6","758960","6628","63.2","0.7","61.2","0.7","3.0","0.4","828516","10541","71.5","0.7","68.9","0.8","3.6","0.5","155974","727","61.8","1.7","59.0","1.8","4.5","1.1","164093","1277","57.6","1.6","55.0","1.5","4.2","0.9","309969","1412","62.9","1.0","59.9","1.0","4.5","0.8","83464","686","64.8","2.1","63.0","2.4","2.7","1.1","223623","3262","62.9","1.5","58.9","1.6","4.1","1.0","92512","493","62.2","2.3","57.5","2.3","7.3","1.9","73221","1810","67.5","2.6","63.7","2.9","5.5","2.3","741407","11372","62.4","0.7","59.4","0.7","4.8","0.5","114684","946","65.4","2.0","62.2","2.1","4.7","1.7","290057","3288","58.9","1.6","56.5","1.6","4.0","0.7","179755","2199","63.3","1.8","60.3","1.9","4.6","1.0","83349","474","55.7","2.3","52.0","2.7","6.5","1.9","176949","989","67.4","1.5","64.4","1.6","3.0","0.8","100991","2067","62.7","2.2","56.9","2.7","9.2","3.0","74488","436","58.2","1.9","54.9","2.0","5.5","1.4","995069","9602","64.0","0.8","61.6","0.8","3.7","0.5","49453","1298","54.7","3.1","51.5","3.1","6.0","2.6","74282","556","58.6","2.6","57.1","2.8","2.5","1.3","128460","1675","61.0","1.6","57.3","2.1","6.0","2.0","52634","319","62.8","3.0","60.1","2.9","4.3","2.0","69156","726","63.0","2.4","60.1","2.5","4.2","1.5","508417","5974","63.7","1.0","60.8","1.1","4.6","0.7"
"Black or African American alone","30995","1665","60.5","5.4","51.7","6.2","14.6","5.1","401882","7698","61.5","1.6","54.4","1.7","11.5","1.2","7947","616","55.7","8.2","44.6","9.0","20.0","12.1","N","N","N","N","N","N","N","N","N","N","N","N","N","N","N","N","N","N","N","N","N","N","N","N","N","N","N","N","N","N","N","N","N","N","N","N","N","N","N","N","25250","1472","56.7","4.3","53.1","4.5","6.0","3.3","95178","1698","60.5","2.5","53.1","2.5","12.3","2.6","N","N","N","N","N","N","N","N","685310","6616","61.3","1.0","55.4","1.0","9.6","0.9","N","N","N","N","N","N","N","N","N","N","N","N","N","N","N","N","84574","2141","61.9","2.6","54.2","2.4","12.5","2.8","130459","2868","67.3","2.1","63.6","2.3","5.5","1.3","210022","6468","57.3","2.0","50.5","2.5","11.9","2.6","N","N","N","N","N","N","N","N","10409","844","44.0","6.9","41.2","7.2","6.4","4.9","39021","1155","54.0","3.3","45.1","3.3","16.4","3.7","N","N","N","N","N","N","N","N","33316","2530","65.1","4.6","61.0","4.7","5.0","2.5","N","N","N","N","N","N","N","N","N","N","N","N","N","N","N","N","351708","5773","64.4","1.3","59.5","1.4","7.5","1.1","N","N","N","N","N","N","N","N","38776","1634","56.4","5.4","51.1","5.4","8.6","4.3","31652","1262","69.3","4.6","66.2","4.6","4.4","2.1","N","N","N","N","N","N","N","N","N","N","N","N","N","N","N","N","12549","1336","59.8","9.8","46.3","11.6","21.8","17.0","N","N","N","N","N","N","N","N","97750","2885","64.9","2.8","61.8","3.1","4.8","1.8","N","N","N","N","N","N","N","N","N","N","N","N","N","N","N","N","N","N","N","N","N","N","N","N","N","N","N","N","N","N","N","N","N","N","N","N","N","N","N","N","119594","3140","64.8","2.2","60.8","2.5","6.1","1.4"
"American Indian and Alaska Native alone","N","N","N","N","N","N","N","N","N","N","N","N","N","N","N","N","N","N","N","N","N","N","N","N","1783","173","42.7","10.3","37.7","9.5","11.8","9.1","N","N","N","N","N","N","N","N","N","N","N","N","N","N","N","N","N","N","N","N","N","N","N","N","N","N","N","N","N","N","N","N","N","N","N","N","N","N","N","N","N","N","N","N","N","N","N","N","N","N","N","N","N","N","N","N","N","N","N","N","N","N","N","N","N","N","N","N","N","N","N","N","N","N","N","N","N","N","N","N","N","N","N","N","N","N","N","N","N","N","N","N","N","N","N","N","N","N","N","N","N","N","N","N","N","N","N","N","N","N","N","N","N","N","N","N","N","N","N","N","N","N","N","N","N","N","N","N","N","N","N","N","N","N","N","N","N","N","N","N","N","N","N","N","N","N","N","N","N","N","N","N","N","N","N","N","N","N","N","N","7664","1675","61.0","10.2","58.4","9.7","4.3","6.1","N","N","N","N","N","N","N","N","N","N","N","N","N","N","N","N","N","N","N","N","N","N","N","N","N","N","N","N","N","N","N","N","N","N","N","N","N","N","N","N","N","N","N","N","N","N","N","N","N","N","N","N","N","N","N","N","N","N","N","N","N","N","N","N","N","N","N","N","N","N","N","N","N","N","N","N","N","N","N","N","N","N","N","N","N","N","N","N","N","N","N","N","N","N","N","N","N","N","N","N","N","N","N","N","N","N","N","N","N","N","N","N"
"Asian alone","N","N","N","N","N","N","N","N","46558","1769","59.7","3.2","55.4","3.2","7.2","3.0","7895","567","49.0","11.4","44.5","11.7","9.3","6.4","N","N","N","N","N","N","N","N","N","N","N","N","N","N","N","N","N","N","N","N","N","N","N","N","N","N","N","N","N","N","N","N","N","N","N","N","N","N","N","N","N","N","N","N","N","N","N","N","26768","1137","58.9","4.7","57.0","4.6","3.1","2.2","N","N","N","N","N","N","N","N","264207","3158","63.0","1.3","59.8","1.3","5.2","0.9","N","N","N","N","N","N","N","N","N","N","N","N","N","N","N","N","24170","674","64.1","3.9","61.4","3.9","4.3","2.5","107222","1997","65.9","1.9","63.7","1.9","3.4","0.9","189215","2904","65.8","2.1","63.2","2.4","3.9","1.2","N","N","N","N","N","N","N","N","N","N","N","N","N","N","N","N","14968","626","53.4","5.4","50.5","5.4","5.3","3.7","N","N","N","N","N","N","N","N","7793","1213","71.2","7.1","66.1","7.5","5.3","4.6","N","N","N","N","N","N","N","N","N","N","N","N","N","N","N","N","514527","5689","63.0","1.0","60.5","1.1","4.0","0.5","N","N","N","N","N","N","N","N","37772","559","62.1","3.1","60.6","3.2","2.4","1.4","17092","714","68.0","4.9","65.8","5.0","3.2","1.8","N","N","N","N","N","N","N","N","N","N","N","N","N","N","N","N","N","N","N","N","N","N","N","N","N","N","N","N","N","N","N","N","48958","1678","60.8","3.6","57.5","3.4","4.9","1.7","N","N","N","N","N","N","N","N","N","N","N","N","N","N","N","N","N","N","N","N","N","N","N","N","N","N","N","N","N","N","N","N","N","N","N","N","N","N","N","N","49579","1519","67.4","3.1","64.2","2.9","4.7","1.9"
"Native Hawaiian and Other Pacific Islander alone","N","N","N","N","N","N","N","N","N","N","N","N","N","N","N","N","N","N","N","N","N","N","N","N","N","N","N","N","N","N","N","N","N","N","N","N","N","N","N","N","N","N","N","N","N","N","N","N","N","N","N","N","N","N","N","N","N","N","N","N","N","N","N","N","N","N","N","N","N","N","N","N","N","N","N","N","N","N","N","N","N","N","N","N","N","N","N","N","N","N","N","N","N","N","N","N","N","N","N","N","N","N","N","N","N","N","N","N","N","N","N","N","N","N","N","N","N","N","N","N","N","N","N","N","N","N","N","N","N","N","N","N","N","N","N","N","N","N","N","N","N","N","N","N","N","N","N","N","N","N","N","N","N","N","N","N","N","N","N","N","N","N","N","N","N","N","N","N","N","N","N","N","N","N","N","N","N","N","N","N","N","N","N","N","N","N","N","N","N","N","N","N","N","N","N","N","N","N","N","N","N","N","N","N","N","N","N","N","N","N","N","N","N","N","N","N","N","N","N","N","N","N","N","N","N","N","N","N","N","N","N","N","N","N","N","N","N","N","N","N","N","N","N","N","N","N","N","N","N","N","N","N","N","N","N","N","N","N","N","N","N","N","N","N","N","N","N","N","N","N","N","N","N","N","N","N","N","N","N","N","N","N","N","N","N","N","N","N","N","N","N","N","N","N","N","N","N","N","N","N","N","N","N","N","N","N","N","N","N","N","N","N"
"Some other race alone","N","N","N","N","N","N","N","N","382329","11474","62.7","1.4","55.3","1.4","11.7","1.5","N","N","N","N","N","N","N","N","N","N","N","N","N","N","N","N","N","N","N","N","N","N","N","N","N","N","N","N","N","N","N","N","N","N","N","N","N","N","N","N","N","N","N","N","N","N","N","N","N","N","N","N","N","N","N","N","N","N","N","N","N","N","N","N","N","N","N","N","N","N","N","N","183139","8745","61.4","2.0","57.6","1.9","6.2","1.3","N","N","N","N","N","N","N","N","N","N","N","N","N","N","N","N","10328","1770","61.5","8.2","57.0","8.4","7.2","4.2","83118","7580","71.4","3.1","69.7","3.2","2.4","1.2","158365","10448","60.5","2.7","54.8","2.8","9.4","2.2","N","N","N","N","N","N","N","N","N","N","N","N","N","N","N","N","N","N","N","N","N","N","N","N","N","N","N","N","N","N","N","N","22400","3471","68.2","5.7","64.1","5.8","5.1","3.1","N","N","N","N","N","N","N","N","N","N","N","N","N","N","N","N","264501","13783","70.5","1.6","66.7","1.6","5.4","0.9","N","N","N","N","N","N","N","N","N","N","N","N","N","N","N","N","N","N","N","N","N","N","N","N","N","N","N","N","N","N","N","N","N","N","N","N","N","N","N","N","N","N","N","N","N","N","N","N","N","N","N","N","N","N","N","N","50838","8678","75.0","4.1","70.4","4.2","6.1","2.3","N","N","N","N","N","N","N","N","N","N","N","N","N","N","N","N","N","N","N","N","N","N","N","N","N","N","N","N","N","N","N","N","N","N","N","N","N","N","N","N","92640","6783","75.6","2.8","70.7","3.1","6.2","2.2"
"Two or more races","N","N","N","N","N","N","N","N","34107","4369","64.3","3.9","57.7","4.3","10.3","3.7","N","N","N","N","N","N","N","N","N","N","N","N","N","N","N","N","N","N","N","N","N","N","N","N","N","N","N","N","N","N","N","N","N","N","N","N","N","N","N","N","N","N","N","N","N","N","N","N","N","N","N","N","N","N","N","N","N","N","N","N","N","N","N","N","N","N","N","N","N","N","N","N","52053","4249","72.9","3.4","68.3","3.3","6.1","1.9","N","N","N","N","N","N","N","N","N","N","N","N","N","N","N","N","12527","1961","67.0","6.8","59.0","6.4","11.9","6.4","28475","4598","68.3","4.7","64.4","5.1","5.1","2.8","57336","7927","71.9","4.3","67.2","4.5","6.6","2.7","N","N","N","N","N","N","N","N","N","N","N","N","N","N","N","N","9830","1545","66.3","5.7","61.1","7.0","7.8","5.4","N","N","N","N","N","N","N","N","N","N","N","N","N","N","N","N","N","N","N","N","N","N","N","N","N","N","N","N","N","N","N","N","52628","5755","68.2","4.0","65.0","4.1","4.7","1.8","N","N","N","N","N","N","N","N","N","N","N","N","N","N","N","N","N","N","N","N","N","N","N","N","N","N","N","N","N","N","N","N","N","N","N","N","N","N","N","N","N","N","N","N","N","N","N","N","N","N","N","N","N","N","N","N","20272","3040","68.1","6.3","66.5","6.3","2.3","2.0","N","N","N","N","N","N","N","N","N","N","N","N","N","N","N","N","N","N","N","N","N","N","N","N","N","N","N","N","N","N","N","N","N","N","N","N","N","N","N","N","15052","2575","72.1","6.3","66.8","6.1","7.3","3.5"
"Hispanic or Latino origin (of any race)","13112","220","68.1","7.7","62.9","7.9","7.6","3.9","627054","1386","60.8","1.2","54.0","1.1","11.1","1.2","N","N","N","N","N","N","N","N","N","N","N","N","N","N","N","N","N","N","N","N","N","N","N","N","6479","212","62.9","11.5","56.4","11.6","10.3","9.4","N","N","N","N","N","N","N","N","N","N","N","N","N","N","N","N","27426","446","65.7","5.5","63.2","5.6","3.6","2.5","34849","341","59.8","4.1","55.7","4.3","6.6","2.8","N","N","N","N","N","N","N","N","386970","1040","60.8","1.5","56.5","1.4","6.9","0.8","N","N","N","N","N","N","N","N","N","N","N","N","N","N","N","N","45760","386","62.8","3.2","56.1","3.6","10.5","3.0","174224","818","69.6","1.7","67.6","1.9","2.7","0.9","356399","1071","61.9","1.4","56.7","1.5","8.3","1.4","N","N","N","N","N","N","N","N","8879","254","53.8","8.5","50.2","8.4","6.8","5.8","15739","143","62.3","5.0","54.3","5.0","12.8","5.1","N","N","N","N","N","N","N","N","56021","639","68.5","3.3","63.5","3.6","6.0","2.3","N","N","N","N","N","N","N","N","11425","513","73.5","9.9","66.7","10.8","9.2","7.3","512887","1422","68.8","0.9","65.2","0.9","5.2","0.6","N","N","N","N","N","N","N","N","65179","453","60.5","3.7","58.2","3.8","3.8","1.7","41921","393","70.7","4.0","66.0","4.0","5.6","2.1","N","N","N","N","N","N","N","N","N","N","N","N","N","N","N","N","N","N","N","N","N","N","N","N","N","N","N","N","N","N","N","N","210093","907","70.2","1.8","66.3","1.8","5.4","1.2","8538","234","65.8","10.3","49.3","11.8","25.1","13.0","N","N","N","N","N","N","N","N","13592","209","58.4","7.0","55.7","6.7","4.7","2.6","N","N","N","N","N","N","N","N","N","N","N","N","N","N","N","N","180942","848","72.6","1.8","67.9","2.1","6.3","1.6"
"White alone, not Hispanic or Latino","192557","569","66.6","1.5","64.6","1.5","3.1","0.9","115534","890","55.2","2.0","49.9","2.2","9.3","2.5","136432","495","57.0","2.2","53.6","2.3","5.9","1.6","57443","239","56.8","1.8","54.1","1.9","4.3","1.4","58308","447","61.4","2.5","59.0","2.5","4.0","1.2","94798","414","57.0","2.0","54.4","1.9","4.4","1.4","60698","311","58.6","2.9","55.3","3.0","5.5","2.1","60790","340","60.4","2.7","58.1","2.9","3.7","1.6","180154","787","62.7","1.5","60.3","1.6","3.9","0.9","590943","1222","64.3","0.9","62.1","0.8","3.3","0.4","74360","298","59.5","2.6","49.3","2.8","5.4","1.5","760187","1496","66.4","0.6","63.6","0.6","4.3","0.4","49059","303","57.5","2.8","55.1","2.9","4.1","1.8","55320","299","60.2","2.8","58.1","2.8","3.5","1.2","447862","724","65.6","1.0","63.1","1.1","3.8","0.6","684316","1678","62.7","0.7","60.7","0.8","3.1","0.4","699760","1326","73.4","0.8","71.0","0.9","3.2","0.5","152980","570","61.8","1.8","59.0","1.9","4.5","1.1","158455","475","57.9","1.6","55.3","1.5","4.3","0.9","300405","784","62.9","1.0","59.9","1.0","4.5","0.8","82245","525","64.7","2.1","62.8","2.3","2.8","1.1","195672","759","62.1","1.7","58.1","1.7","4.0","1.0","91440","321","62.4","2.3","57.9","2.3","6.9","1.7","66236","410","66.5","2.6","63.3","2.9","4.7","2.2","500226","2341","60.5","0.7","57.8","0.8","4.5","0.5","112278","516","65.4","2.0","62.1","2.2","4.8","1.8","244190","1072","58.5","1.6","56.0","1.5","4.1","0.8","154092","813","62.2","1.9","59.5","1.9","4.3","1.0","82797","375","56.0","2.3","52.3","2.7","6.5","1.9","173150","526","67.0","1.5","64.3","1.6","2.7","0.7","95876","1697","62.6","2.2","57.5","2.6","8.0","2.8","73383","346","58.1","1.9","55.1","2.0","5.2","1.4","848774","3961","63.2","0.8","60.9","0.8","3.5","0.5","45487","324","55.2","3.0","52.5","3.0","4.9","1.9","70391","357","58.7","2.6","57.2","2.8","2.7","1.3","122415","601","60.9","1.6","57.2","2.2","5.9","2.1","51542","193","63.0","3.0","60.3","2.9","4.4","2.0","67168","284","63.0","2.4","60.1","2.5","4.4","1.5","436259","1201","62.9","1.1","60.2","1.2","4.2","0.8"
"Population 20 to 64 years","187446","1452","80.1","1.7","76.9","1.9","4.0","1.1","884530","1202","72.7","1.1","65.2","1.1","10.3","0.8","111492","942","71.8","2.5","67.4","2.7","6.2","1.5","43439","330","73.1","2.4","68.6","2.5","5.7","1.6","46254","311","73.6","3.3","70.1","3.2","4.6","1.3","72583","586","72.0","2.5","68.3","2.5","5.2","1.7","50078","600","72.3","4.0","68.3","4.0","5.4","2.1","49402","798","70.3","2.6","68.0","2.9","3.1","1.6","178319","821","77.7","1.8","74.7","2.0","3.7","0.9","548301","1102","79.2","0.8","75.8","0.9","4.1","0.5","69130","594","70.9","2.8","55.9","3.0","4.9","1.4","1634429","470","76.9","0.6","72.0","0.6","6.2","0.4","38249","539","70.8","3.9","67.2","4.0","4.7","2.0","40814","697","76.4","2.9","73.8","3.0","3.4","1.2","442138","790","80.1","0.9","75.9","0.9","5.1","0.7","802120","396","80.1","0.8","77.3","0.8","3.4","0.4","1124107","761","80.2","0.9","76.1","1.1","5.1","0.5","124905","571","78.0","2.1","74.2","2.2","4.7","1.1","131897","1056","72.9","2.0","69.5","2.0","4.3","0.9","273506","996","77.2","1.0","72.7","1.0","5.5","0.8","63558","424","78.8","2.7","76.4","3.0","2.9","1.4","220552","1002","77.7","1.5","73.1","1.7","3.7","0.8","70224","540","77.9","2.7","72.7","2.8","6.4","1.8","60756","1013","80.8","3.2","77.5","3.3","4.1","1.6","1483803","930","78.4","0.5","74.6","0.6","4.9","0.3","95623","694","80.1","1.8","76.2","2.1","4.6","1.5","289531","637","73.6","1.6","70.6","1.6","4.0","0.8","177525","871","79.9","1.7","76.0","1.8","4.8","0.9","63282","587","68.5","2.8","64.3","3.2","6.0","1.7","137275","687","83.2","1.6","79.5","1.7","2.9","0.7","91175","1715","77.5","3.0","69.1","3.2","10.6","3.0","55002","197","75.8","2.5","71.5","2.7","5.6","1.5","890999","1218","79.1","0.8","76.0","0.9","3.8","0.4","43385","1224","70.2","4.4","64.6","4.4","8.0","3.3","65390","1388","67.8","3.4","66.0","3.5","2.7","1.3","107787","906","74.6","2.2","70.6","2.6","5.3","1.9","37335","670","80.5","3.5","76.8","3.5","4.7","2.3","52066","720","77.6","2.6","74.1","2.8","4.5","1.7","574963","544","80.7","1.0","76.8","1.1","4.8","0.6"
"SEX","","","","","","","","","","","","","","","","","","","","","","","","","","","","","","","","","","","","","","","","","","","","","","","","","","","","","","","","","","","","","","","","","","","","","","","","","","","","","","","","","","","","","","","","","","","","","","","","","","","","","","","","","","","","","","","","","","","","","","","","","","","","","","","","","","","","","","","","","","","","","","","","","","","","","","","","","","","","","","","","","","","","","","","","","","","","","","","","","","","","","","","","","","","","","","","","","","","","","","","","","","","","","","","","","","","","","","","","","","","","","","","","","","","","","","","","","","","","","","","","","","","","","","","","","","","","","","","","","","","","","","","","","","","","","","","","","","","","","","","","","","","","","","","","","","","","","","","","","","","","","","","","","","","","","","","",""
"Male","91853","1371","82.6","2.1","78.4","2.3","5.0","1.5","416287","803","76.4","1.8","67.6","1.7","11.3","1.2","55567","782","75.3","3.6","70.1","3.7","7.0","2.2","21908","297","77.0","3.0","71.3","3.1","6.6","2.0","24448","204","74.6","4.6","70.8","4.5","5.1","2.0","36970","500","75.9","3.1","71.7","3.3","5.5","2.6","25813","628","71.3","5.9","66.7","6.1","6.1","3.2","26771","550","68.2","3.6","66.6","3.9","2.2","1.3","90951","558","77.5","2.9","74.1","3.1","4.4","1.4","269592","563","81.4","1.4","77.6","1.4","4.5","0.8","37689","511","74.8","3.7","51.9","3.8","4.0","1.8","773527","380","81.1","0.8","75.5","0.8","6.7","0.6","19707","680","71.4","5.1","68.1","5.1","3.9","2.5","20753","421","79.4","4.1","77.8","4.0","2.0","1.5","214801","353","83.0","1.2","78.7","1.4","5.1","0.9","394046","308","85.8","0.9","82.5","1.1","3.7","0.5","544877","754","84.0","1.2","79.1","1.3","5.7","0.8","62043","530","80.1","2.9","75.1","2.9","6.1","1.9","67515","850","74.7","2.9","70.4","3.0","5.3","1.6","133319","714","80.2","1.4","75.2","1.8","5.8","1.1","31329","357","83.6","3.4","80.1","3.9","3.9","2.1","111510","843","83.1","1.8","77.1","2.1","3.6","1.0","35542","506","82.8","3.1","76.4","3.2","7.3","2.3","30231","1109","83.0","4.8","78.4","5.0","5.6","2.4","728038","675","85.4","0.6","81.0","0.7","5.0","0.4","47189","629","83.2","2.4","78.2","3.0","5.5","1.9","141028","510","80.3","1.9","77.0","2.1","3.9","1.0","88158","408","84.4","1.8","80.0","2.2","4.9","1.4","33180","520","69.5","3.8","64.4","4.2","7.1","2.2","68416","521","88.3","1.8","83.2","2.1","3.1","0.9","43877","1611","78.0","4.5","69.5","4.8","10.5","4.4","27713","329","78.9","3.6","74.9","3.6","5.0","1.6","445024","1118","83.6","1.1","80.3","1.1","3.8","0.6","22341","1203","72.7","7.4","63.5","7.4","12.6","5.9","32697","897","70.1","5.6","67.0","5.6","4.4","2.4","54868","699","75.8","3.2","70.7","3.8","6.5","2.6","18880","673","85.5","3.4","81.9","3.8","4.2","2.7","25654","633","80.5","3.0","76.4","3.7","5.1","2.7","281130","521","86.9","1.4","82.7","1.5","4.8","0.7"
"Female","95593","874","77.8","2.4","75.5","2.7","2.9","1.3","468243","889","69.4","1.3","62.9","1.4","9.3","1.0","55925","482","68.4","3.2","64.7","3.5","5.3","2.0","21531","266","69.1","3.2","65.8","3.3","4.7","2.2","21806","369","72.4","4.2","69.4","4.1","4.1","2.3","35613","428","68.0","3.4","64.8","3.5","4.7","2.0","24265","637","73.4","4.5","69.9","4.5","4.7","2.2","22631","698","72.7","3.3","69.7","3.6","4.1","2.6","87368","642","77.8","2.4","75.4","2.4","3.0","1.0","278709","917","77.0","1.3","74.1","1.3","3.7","0.6","31441","677","66.2","4.3","60.8","4.1","5.7","2.4","860902","477","73.1","0.8","68.9","0.9","5.8","0.5","18542","336","70.1","4.9","66.1","5.2","5.6","3.1","20061","642","73.4","4.8","69.8","5.1","5.0","2.2","227337","659","77.3","1.2","73.4","1.2","5.1","0.9","408074","281","74.5","1.0","72.3","1.1","3.0","0.5","579230","401","76.7","1.3","73.3","1.4","4.5","0.6","62862","530","75.9","2.6","73.4","2.8","3.3","1.2","64382","830","70.9","3.1","68.6","3.0","3.3","1.1","140187","667","74.3","1.6","70.4","1.7","5.2","1.1","32229","336","74.1","3.8","72.7","3.8","1.9","1.2","109042","674","72.2","2.4","69.0","2.5","3.9","1.2","34682","374","72.8","4.0","68.8","4.1","5.4","2.1","30525","978","78.6","3.8","76.7","3.8","2.4","1.9","755765","624","71.7","0.9","68.3","0.9","4.8","0.5","48434","616","77.0","3.1","74.2","3.5","3.6","2.6","148503","375","67.3","2.3","64.5","2.2","4.1","1.2","89367","718","75.5","2.8","72.0","2.9","4.6","1.4","30102","354","67.5","3.6","64.3","3.9","4.8","2.2","68859","490","78.2","2.2","75.9","2.2","2.6","1.0","47298","505","77.1","3.3","68.8","4.5","10.8","4.9","27289","360","72.6","2.9","68.0","3.2","6.3","2.6","445975","429","74.6","1.2","71.6","1.2","3.9","0.5","21044","741","67.6","5.4","65.8","5.4","2.7","1.6","32693","1252","65.6","4.0","65.0","4.1","0.9","1.2","52919","657","73.4","3.2","70.4","3.4","4.1","1.6","18455","563","75.4","5.8","71.5","6.1","5.2","3.6","26412","528","74.9","4.0","71.9","4.2","4.0","1.9","293833","590","74.7","1.6","71.1","1.6","4.7","0.8"
"With own children under 18 years","27788","2172","82.2","4.0","78.7","4.4","4.2","2.1","175505","5737","71.7","2.2","65.1","2.3","9.2","1.4","16443","1480","66.1","5.9","62.5","5.9","5.4","4.0","7216","750","76.7","4.4","73.6","5.0","4.0","4.0","7604","757","75.1","7.1","70.7","7.7","5.8","5.4","12775","1091","75.4","5.7","70.7","6.3","6.3","4.3","6708","1077","71.4","8.3","67.8","8.6","4.9","5.2","7388","983","81.9","7.0","78.5","7.9","4.1","4.4","27013","1949","76.9","4.8","74.5","5.0","3.0","2.0","90971","3195","78.5","2.5","75.2","2.5","4.1","1.3","11834","1175","67.0","6.7","60.3","6.5","8.3","4.6","261633","6761","71.1","1.5","67.1","1.7","5.6","1.0","5354","780","82.1","8.3","79.3","9.0","3.4","3.2","N","N","N","N","N","N","N","N","77008","3151","79.9","2.2","73.9","2.4","7.4","2.4","145374","4099","75.1","1.9","73.4","1.9","2.3","0.6","124178","6112","70.6","3.1","67.2","3.1","4.8","1.4","20356","1592","82.5","3.5","81.1","3.7","1.6","1.4","22164","1669","73.4","5.1","70.8","5.3","3.4","1.9","44176","2456","77.9","3.0","73.5","3.4","5.4","1.8","11591","999","75.0","5.6","74.5","5.7","0.7","1.1","41832","2370","74.0","3.8","70.5","3.9","4.1","2.0","12740","898","77.7","5.8","71.7","6.5","7.7","4.1","11762","1071","80.9","5.9","78.9","6.0","2.5","2.6","217794","6462","67.7","1.7","64.0","1.7","5.4","0.9","12748","1379","81.4","5.5","77.0","6.0","4.8","3.5","53805","2932","66.8","3.7","63.5","4.0","4.9","2.0","33392","1997","73.5","4.4","70.1","4.5","4.7","2.2","8349","999","74.4","5.5","69.1","6.4","7.2","4.6","24517","1757","77.9","3.5","75.0","3.8","3.7","2.2","N","N","N","N","N","N","N","N","8185","810","83.7","4.6","80.6","5.4","3.8","2.7","148328","5552","74.1","2.1","71.7","2.1","3.2","0.7","5891","992","79.9","6.2","78.0","6.5","2.3","3.3","N","N","N","N","N","N","N","N","16937","1512","75.6","5.4","72.9","5.4","3.5","2.5","5487","954","74.1","11.7","70.9","11.6","4.4","6.8","8137","1075","74.2","7.0","69.7","7.2","6.1","5.0","104348","4152","74.2","2.1","71.3","2.1","4.0","1.3"
"With own children under 6 years only","5789","1198","85.1","6.4","79.9","7.3","6.1","4.5","39039","3490","74.3","4.2","66.8","4.5","10.1","3.2","3891","906","66.9","13.2","59.3","13.7","11.3","14.0","1425","404","65.2","12.6","62.2","12.8","4.5","7.8","1114","342","60.9","17.0","55.8","17.0","8.3","12.4","3614","654","72.8","10.8","65.8","11.1","9.7","9.1","1225","587","80.2","19.6","70.3","21.3","12.3","19.2","1616","779","64.5","23.4","64.5","23.4","0.0","14.6","6062","1260","78.5","9.2","75.3","9.3","4.1","5.2","21126","2131","80.2","4.5","75.3","4.8","5.6","3.2","3365","891","57.1","13.6","49.1","13.0","11.4","11.6","65051","4249","71.7","3.0","67.1","3.3","6.3","2.0","1228","648","76.1","20.8","71.3","22.9","6.3","9.0","N","N","N","N","N","N","N","N","17210","1926","82.6","4.1","77.1","4.9","6.7","4.0","31600","2509","75.9","3.5","75.3","3.6","0.9","0.7","34163","3815","70.0","5.9","68.0","5.7","2.9","1.4","4588","965","79.3","8.5","79.3","8.5","0.0","4.4","4236","1025","75.0","9.7","73.5","9.9","1.9","3.3","10190","1397","71.7","6.3","66.2","7.1","6.8","5.2","2007","599","75.2","11.9","75.2","11.9","0.0","10.3","8024","1419","73.0","7.4","70.5","7.7","3.5","3.1","3064","718","74.1","12.0","57.6","14.3","22.3","13.9","2485","770","76.1","13.9","72.4","15.0","4.9","8.1","53108","3248","62.7","3.8","59.3","4.0","5.4","2.0","2885","870","77.5","12.1","72.4","12.8","4.2","7.2","11338","1852","59.3","9.0","56.4","9.2","4.8","3.0","6495","1225","72.5","9.5","70.2","9.6","3.2","3.6","2161","601","64.0","15.8","59.6","15.9","6.8","7.9","5179","1110","76.9","9.3","74.2","9.6","3.5","4.6","N","N","N","N","N","N","N","N","1509","415","86.3","9.5","85.5","9.7","1.0","1.8","29706","2558","73.8","5.1","71.2","5.3","3.5","1.9","823","363","50.9","22.7","50.9","22.7","0.0","31.4","N","N","N","N","N","N","N","N","3620","896","81.1","9.0","77.8","10.2","4.1","6.7","1119","523","93.3","8.3","93.3","8.3","0.0","14.6","1257","457","73.3","16.8","64.2","18.5","12.5","18.5","22888","2308","77.4","4.4","73.3","4.7","5.3","3.2"
"With own children under 6 years and 6 to 17 years","5027","1043","79.3","9.7","72.0","11.0","9.3","7.1","37242","3416","65.3","4.6","57.0","5.0","12.6","4.2","3231","747","67.9","13.4","61.1","13.6","10.0","9.2","1545","435","78.0","9.1","69.4","13.0","11.0","15.9","1731","562","77.5","18.2","77.5","18.2","0.0","11.6","2337","605","68.1","13.7","55.9","14.4","18.0","21.0","1309","473","61.2","23.7","57.2","23.4","6.5","11.3","1609","502","89.1","10.3","76.9","17.2","13.7","16.8","4926","1198","69.5","14.2","68.7","14.3","1.3","2.2","18571","2070","68.2","6.7","64.7","7.2","5.2","4.0","2537","629","53.0","13.2","46.2","12.7","12.9","11.2","57409","3743","60.2","3.4","58.2","3.5","3.4","1.5","1350","584","87.0","13.2","82.9","15.5","4.7","8.5","N","N","N","N","N","N","N","N","16473","2018","70.3","6.8","62.8","6.8","10.7","6.0","25974","2263","68.2","4.1","67.2","4.2","1.5","1.0","22921","3409","62.4","8.9","60.9","8.9","2.5","2.2","3935","879","80.7","8.9","78.6","9.1","2.6","4.4","5237","1259","64.9","11.7","62.3","12.4","4.1","3.7","8068","1261","76.1","6.8","71.4","7.2","6.3","4.1","2457","696","61.7","16.0","61.7","16.0","0.0","10.3","9387","1616","63.1","7.9","58.0","8.7","7.2","6.9","2525","743","75.4","14.8","72.5","15.0","3.9","4.9","1462","628","47.0","23.5","47.0","23.5","0.0","21.2","41235","2984","63.4","3.9","59.5","4.2","6.2","2.8","2300","903","68.8","14.0","64.7","14.1","5.9","6.3","10836","1671","61.4","8.8","57.9","9.4","5.7","4.4","9532","1497","62.8","8.6","59.5","8.6","5.3","4.0","1512","457","60.2","13.0","60.2","13.0","0.0","16.5","4890","885","56.7","10.0","55.7","10.0","1.8","3.1","N","N","N","N","N","N","N","N","1627","405","69.5","10.4","67.2","10.8","3.3","6.2","24050","2787","61.0","6.1","58.0","5.9","4.8","3.1","838","387","56.3","20.2","56.3","20.2","0.0","28.7","N","N","N","N","N","N","N","N","2699","767","84.4","10.1","81.7","11.9","3.2","5.5","1146","659","24.0","19.1","24.0","19.1","0.0","40.3","1837","667","71.7","13.6","71.7","13.6","0.0","11.8","18767","2147","68.9","5.2","64.6","5.4","6.3","4.4"
"With own children under 6 to 17 years only","16972","1796","82.0","4.9","80.3","5.0","2.1","1.7","99224","5429","73.1","2.8","67.4","2.9","7.7","1.6","9321","1165","65.2","8.4","64.4","8.5","1.3","2.0","4246","498","80.1","5.7","78.9","5.7","1.5","1.8","4759","737","77.5","7.7","71.8","8.9","7.4","7.9","6824","798","79.3","7.2","78.4","7.1","1.2","1.3","4174","830","72.0","11.3","70.5","11.6","2.1","3.7","4163","830","85.8","7.9","84.6","7.7","1.5","1.9","16025","1678","78.5","5.1","76.0","5.3","3.1","2.4","51274","2929","81.5","2.9","79.0","2.9","3.1","1.2","5932","893","78.7","7.8","72.6","7.5","5.7","5.0","139173","5650","75.4","2.0","70.9","2.2","5.9","1.4","2776","661","82.5","11.4","81.2","11.4","1.6","2.2","N","N","N","N","N","N","N","N","43325","2724","82.4","2.8","76.9","3.3","6.6","2.6","87800","4024","76.9","2.3","74.6","2.4","3.0","0.9","67094","4592","73.7","3.4","69.0","3.5","6.4","2.3","11833","1382","84.3","5.4","82.7","5.8","1.9","1.8","12691","1298","76.3","6.6","73.5","6.7","3.7","2.8","25918","2081","80.9","3.9","77.1","4.3","4.7","2.5","7127","1006","79.6","7.6","78.8","7.6","1.0","1.8","24421","2288","78.6","4.7","75.4","4.5","3.3","2.3","7151","988","80.0","8.2","77.5","8.5","3.1","2.9","7815","1265","88.8","4.7","87.0","4.9","2.1","2.3","123451","4925","71.2","2.5","67.5","2.3","5.2","1.0","7563","1109","86.7","4.9","82.5","6.6","4.8","4.7","31631","2860","71.4","5.0","68.0","5.3","4.7","2.9","17365","1861","79.8","5.2","75.9","5.3","4.9","3.3","4676","818","83.9","7.3","76.3","9.6","9.1","7.4","14448","1452","85.4","3.9","81.9","4.5","4.1","3.0","N","N","N","N","N","N","N","N","5049","721","87.5","5.9","83.4","7.2","4.7","3.7","94572","4672","77.5","2.2","75.3","2.2","2.8","0.8","4230","838","90.2","5.8","87.6","6.4","2.9","4.0","N","N","N","N","N","N","N","N","10618","1491","71.5","7.0","69.1","7.1","3.4","4.4","3222","667","85.3","10.1","79.8","11.8","6.4","9.7","5043","924","75.4","10.0","70.3","10.5","6.7","6.8","62693","3810","74.6","2.8","72.5","2.7","2.9","1.2"
"POVERTY STATUS IN THE PAST 12 MONTHS","","","","","","","","","","","","","","","","","","","","","","","","","","","","","","","","","","","","","","","","","","","","","","","","","","","","","","","","","","","","","","","","","","","","","","","","","","","","","","","","","","","","","","","","","","","","","","","","","","","","","","","","","","","","","","","","","","","","","","","","","","","","","","","","","","","","","","","","","","","","","","","","","","","","","","","","","","","","","","","","","","","","","","","","","","","","","","","","","","","","","","","","","","","","","","","","","","","","","","","","","","","","","","","","","","","","","","","","","","","","","","","","","","","","","","","","","","","","","","","","","","","","","","","","","","","","","","","","","","","","","","","","","","","","","","","","","","","","","","","","","","","","","","","","","","","","","","","","","","","","","","","","","","","","","","","",""
"Below poverty level","21959","3018","52.6","6.7","38.2","6.9","27.5","7.9","207490","10455","47.6","2.3","33.9","2.0","28.7","2.7","21038","2331","37.3","6.3","26.9","5.7","27.9","10.7","6527","1000","39.2","6.0","28.5","5.9","27.2","11.5","4661","1014","38.8","11.3","29.8","9.0","23.1","16.3","11694","1822","40.9","8.0","34.4","7.8","15.7","10.5","6659","1507","53.8","11.9","42.4","11.5","21.2","12.4","5614","1436","49.7","9.1","37.8","10.9","23.9","16.9","15797","2460","46.9","6.0","39.2","6.4","16.5","7.2","72899","5343","45.3","3.6","35.5","3.2","21.6","3.7","9439","1454","37.3","8.3","28.5","7.2","21.9","8.1","274235","11021","44.8","1.6","33.6","1.6","25.0","2.5","4072","1124","45.7","12.7","32.6","11.9","28.6","18.7","3750","1040","37.6","12.0","27.8","9.7","26.2","13.7","59758","4232","48.5","3.6","37.0","2.9","23.7","4.1","44054","5627","44.2","4.2","38.9","4.2","12.1","4.0","157972","10261","41.8","3.0","31.5","2.9","24.6","3.8","14857","2285","44.2","6.7","31.3","5.8","29.2","9.6","18738","2366","40.5","5.9","31.8","5.8","21.5","8.6","35234","3065","45.3","3.7","30.7","3.0","32.3","5.3","5275","1350","36.9","10.2","28.6","9.5","22.4","19.7","19767","3242","45.7","6.3","37.1","5.5","18.8","6.7","10084","2150","48.6","8.4","37.1","6.7","23.7","12.4","3598","1455","26.0","14.4","20.2","11.1","22.5","16.9","155422","8189","45.2","1.8","37.3","1.9","17.3","2.7","10924","1833","46.5","7.2","39.2","7.4","15.8","8.9","28982","3366","29.6","5.2","21.1","4.1","28.6","10.9","19044","3080","59.1","5.1","52.1","5.4","11.9","5.1","9230","1553","45.0","9.3","39.5","9.6","12.2","8.4","7674","1414","45.2","8.3","36.0","9.0","16.8","10.8","10995","2546","46.4","11.0","26.0","9.3","44.0","19.7","6388","958","44.8","6.2","32.8","7.4","26.8","11.8","55910","5509","40.9","3.9","32.5","3.3","20.4","4.8","3980","1013","36.3","12.6","26.8","12.6","26.3","23.8","15008","2338","36.9","6.8","34.5","6.9","6.4","5.2","14356","2362","44.7","8.7","31.5","7.9","29.7","14.8","3268","1014","38.6","14.2","21.8","12.3","43.6","26.0","5644","1071","36.1","9.0","26.1","7.4","27.7","14.3","42613","3961","52.3","4.5","40.7","4.0","22.1","5.7"
"At or above the poverty level","159727","3329","85.7","1.5","84.0","1.6","2.1","0.8","663539","10299","81.9","0.9","76.1","1.0","6.9","0.8","86711","2820","83.1","2.0","79.9","2.2","3.8","1.0","36351","1033","79.8","2.1","76.5","2.2","3.6","1.2","38278","1334","83.5","3.0","80.5","3.1","3.6","1.1","58434","1809","80.4","1.8","77.2","2.0","4.0","1.5","39786","1685","81.6","3.2","78.4","3.5","3.7","1.8","38915","1607","81.2","2.6","80.1","2.7","1.3","0.8","152586","3170","84.8","1.5","82.2","1.7","3.0","0.8","465016","4960","85.8","0.7","83.4","0.7","2.7","0.5","54837","1792","77.2","3.1","65.6","3.5","3.3","1.3","1352791","11369","83.7","0.6","80.1","0.6","4.2","0.3","30819","1396","81.2","3.4","78.5","3.7","3.0","1.6","34882","1152","83.4","2.5","81.7","2.7","2.0","1.1","376251","3878","85.8","0.9","82.8","1.0","3.4","0.6","752314","5741","82.5","0.7","79.9","0.8","3.1","0.4","945807","10668","88.0","0.9","84.8","1.0","3.6","0.5","109095","2240","83.0","1.9","80.5","1.9","3.0","0.9","107360","2806","82.1","1.8","79.5","1.8","2.9","0.7","232117","3237","83.4","1.0","80.5","1.2","3.3","0.6","56420","1582","83.8","2.4","81.9","2.6","2.2","1.0","194572","4062","81.8","1.4","78.7","1.5","2.9","0.7","58609","2142","83.8","2.3","79.7","2.4","4.7","1.4","56308","1753","85.5","2.4","82.4","2.8","3.7","1.5","1323981","8132","82.6","0.5","79.1","0.6","4.1","0.3","83319","1939","85.4","1.8","81.8","2.1","3.8","1.5","258484","3576","79.0","1.3","76.6","1.3","3.0","0.6","157039","3113","83.0","1.8","79.4","1.9","4.1","1.0","48476","1731","79.4","2.2","75.2","2.7","5.2","1.7","128500","1616","85.9","1.4","82.5","1.6","2.5","0.6","78786","3301","83.0","2.7","76.1","3.2","8.1","2.9","48198","932","80.6","2.4","77.3","2.6","4.1","1.4","826863","6191","82.2","0.8","79.5","0.9","3.3","0.4","37696","1992","77.0","3.6","71.5","3.9","7.1","3.4","46857","2519","81.4","3.4","79.6","3.6","2.3","1.3","88754","2628","82.9","1.9","80.3","2.2","3.1","1.1","33892","1287","85.0","3.2","82.5","3.3","3.0","1.6","46202","1436","83.1","2.5","80.3","2.7","3.3","1.5","524047","4995","83.9","0.9","80.7","1.0","3.8","0.6"
"DISABILITY STATUS","","","","","","","","","","","","","","","","","","","","","","","","","","","","","","","","","","","","","","","","","","","","","","","","","","","","","","","","","","","","","","","","","","","","","","","","","","","","","","","","","","","","","","","","","","","","","","","","","","","","","","","","","","","","","","","","","","","","","","","","","","","","","","","","","","","","","","","","","","","","","","","","","","","","","","","","","","","","","","","","","","","","","","","","","","","","","","","","","","","","","","","","","","","","","","","","","","","","","","","","","","","","","","","","","","","","","","","","","","","","","","","","","","","","","","","","","","","","","","","","","","","","","","","","","","","","","","","","","","","","","","","","","","","","","","","","","","","","","","","","","","","","","","","","","","","","","","","","","","","","","","","","","","","","","","","",""
"With any disability","18164","2177","42.4","6.4","35.6","6.6","15.9","8.0","130854","7153","42.5","2.9","35.4","2.9","16.5","3.0","15496","2208","32.6","5.8","25.1","5.7","23.1","10.0","6014","1006","31.3","6.4","28.0","6.0","10.4","6.7","4308","862","44.3","9.3","38.0","9.9","14.2","10.9","9888","1246","41.1","7.8","39.2","7.9","4.8","3.0","6298","1133","35.7","8.4","30.3","7.8","15.0","13.9","5153","1189","40.8","10.1","34.8","9.7","14.9","13.4","15570","1962","49.6","7.4","46.5","7.3","6.1","4.7","58919","3623","39.3","2.7","33.3","2.7","14.4","3.6","9362","1394","27.6","6.6","21.0","5.5","15.0","8.8","121363","5346","38.0","2.3","32.9","2.3","13.6","2.4","4374","886","36.4","9.3","36.2","9.3","0.4","0.9","4901","1137","39.1","11.6","33.6","10.9","14.1","11.8","54552","4197","42.7","2.8","36.3","3.0","15.0","3.6","47320","3568","38.2","3.1","33.9","2.9","11.4","3.8","70253","5835","41.7","3.7","35.8","3.6","14.2","4.7","14523","2032","34.5","6.7","29.5","5.5","14.3","7.7","13625","1434","39.4","7.2","31.7","6.4","19.5","7.1","29193","2458","37.8","4.5","33.2","4.3","11.7","4.4","7098","1178","51.3","8.7","45.1","9.4","12.0","9.5","21407","2423","45.3","6.0","39.6","6.0","10.6","4.7","9789","1576","49.2","8.4","42.5","8.3","13.5","10.8","4419","1457","41.9","12.1","34.6","11.3","17.4","16.9","89406","5514","44.7","3.1","38.7","3.2","13.4","3.2","10375","1590","39.7","7.2","33.9","7.2","14.8","10.3","21229","2364","37.9","5.4","34.3","5.4","9.6","6.2","12109","1893","40.6","6.8","35.5","6.9","12.5","6.9","7567","1116","29.8","5.8","25.8","6.1","13.6","9.8","10222","1286","40.4","7.1","35.1","6.8","13.2","8.3","12708","2356","36.4","10.9","20.9","8.3","42.5","22.4","9108","1174","38.9","7.1","29.1","6.4","24.9","11.0","65144","4782","40.3","3.4","36.8","3.3","8.6","2.9","6547","1486","22.9","9.7","21.6","9.3","5.4","5.6","5351","1482","38.2","12.6","36.3","12.4","4.8","6.3","10969","1705","40.7","7.6","34.5","7.4","15.1","9.6","4272","929","33.3","10.5","28.8","9.7","13.4","10.3","7784","1123","43.3","7.3","37.8","8.3","12.6","10.2","38570","3598","42.0","4.6","36.5","4.4","12.6","4.3"
"EDUCATIONAL ATTAINMENT","","","","","","","","","","","","","","","","","","","","","","","","","","","","","","","","","","","","","","","","","","","","","","","","","","","","","","","","","","","","","","","","","","","","","","","","","","","","","","","","","","","","","","","","","","","","","","","","","","","","","","","","","","","","","","","","","","","","","","","","","","","","","","","","","","","","","","","","","","","","","","","","","","","","","","","","","","","","","","","","","","","","","","","","","","","","","","","","","","","","","","","","","","","","","","","","","","","","","","","","","","","","","","","","","","","","","","","","","","","","","","","","","","","","","","","","","","","","","","","","","","","","","","","","","","","","","","","","","","","","","","","","","","","","","","","","","","","","","","","","","","","","","","","","","","","","","","","","","","","","","","","","","","","","","","","",""
"Population 25 to 64 years","154748","1196","81.7","1.7","78.8","1.8","3.6","0.8","771563","793","73.6","1.1","67.1","1.0","8.8","0.7","91704","955","73.9","2.6","70.9","2.9","4.1","1.2","38430","460","73.2","2.5","70.3","2.6","3.5","1.3","41630","383","73.1","3.4","70.7","3.4","3.3","1.3","63340","681","72.5","2.6","69.5","2.6","4.1","1.5","44805","524","72.5","4.0","68.8","4.0","5.0","2.1","42105","550","71.2","2.7","68.7","3.1","3.3","1.8","155968","487","78.8","2.0","76.0","2.1","3.5","1.0","488345","527","79.7","0.9","76.6","0.9","3.8","0.5","57302","693","69.3","3.0","58.2","3.2","4.0","1.2","1463877","752","78.3","0.6","73.8","0.7","5.7","0.4","32116","454","72.4","3.7","69.4","3.8","3.9","1.7","35685","296","79.1","2.6","76.6","2.9","3.2","1.4","390017","292","80.2","0.9","76.6","0.9","4.3","0.6","713385","268","81.6","0.8","79.1","0.8","3.0","0.4","1007046","594","82.1","0.9","78.2","1.0","4.7","0.6","112007","794","77.6","2.2","74.0","2.4","4.5","1.2","118058","1197","73.7","2.1","70.7","2.0","3.8","0.8","240586","661","78.5","1.1","74.3","1.1","5.0","0.8","57028","509","77.7","3.1","75.8","3.2","2.3","1.2","192643","557","78.3","1.5","74.8","1.6","3.6","0.9","61477","458","77.5","2.7","73.0","2.9","5.6","1.6","55502","904","81.6","3.2","78.8","3.3","3.4","1.5","1340348","916","79.8","0.5","76.4","0.6","4.3","0.3","84177","805","80.1","2.0","76.8","2.2","3.8","1.3","258318","155","75.2","1.7","72.5","1.6","3.5","0.8","155135","707","81.1","1.7","77.6","1.8","4.2","0.9","54386","570","69.4","2.7","66.0","3.1","4.7","1.8","124488","680","83.7","1.6","80.6","1.8","2.7","0.8","81217","2195","76.6","3.3","70.1","3.1","8.3","3.0","49533","339","75.3","2.7","72.4","2.8","3.8","1.1","792193","568","80.2","0.8","77.4","0.9","3.4","0.3","39425","1084","70.5","4.8","65.3","4.5","7.3","3.5","47651","1142","77.2","3.6","75.1","3.8","2.7","1.4","96817","1090","75.5","2.3","71.8","2.7","4.7","1.8","34228","387","79.9","3.8","76.7","4.0","4.0","2.2","46977","630","77.2","2.5","73.6","2.9","4.7","1.8","512602","350","81.3","1.0","78.1","1.1","3.8","0.6"
"Less than high school graduate","9450","1842","67.5","10.8","61.8","10.8","8.4","6.1","193737","7975","57.7","2.7","51.3","2.5","11.2","1.5","8493","1429","50.7","7.6","44.2","7.8","12.8","8.0","3157","582","44.6","8.9","39.4","8.8","11.7","8.6","4805","1098","43.7","10.0","38.9","9.9","11.1","15.0","5891","1198","47.7","11.9","45.1","11.5","5.3","7.2","3920","932","45.9","13.5","37.1","11.8","19.2","15.3","4595","845","55.5","13.2","54.0","13.4","2.7","3.6","10711","1936","52.7","8.0","50.9","8.2","3.4","4.1","33440","2936","47.0","3.9","41.8","4.2","11.1","5.1","5792","958","31.5","8.3","29.2","8.0","7.2","8.2","206528","8599","59.3","1.7","54.8","1.7","7.7","1.3","2143","672","44.2","15.9","43.4","15.8","1.9","3.2","2372","941","55.9","17.6","55.3","17.6","1.1","2.0","33026","3016","53.9","4.2","43.2","4.3","19.9","5.6","54952","4655","66.4","3.4","64.1","3.5","3.4","1.4","114171","6683","62.0","3.3","55.1","3.8","11.2","3.3","7613","1484","54.2","8.1","45.4","9.2","16.3","10.1","13645","2095","43.8","7.1","38.9","7.2","11.0","6.3","18418","1824","50.7","4.8","43.0","4.9","15.2","6.0","3902","949","49.0","14.6","49.0","14.6","0.0","8.3","18553","2675","60.8","5.6","55.7","5.9","8.4","4.8","6701","1262","69.7","9.8","57.7","11.1","17.1","11.5","2814","915","71.0","12.0","66.7","11.9","6.1","7.6","201061","7996","66.2","1.8","62.7","1.8","5.3","1.1","5986","1185","54.0","10.8","48.4","11.2","10.4","10.9","26294","3028","54.8","6.3","49.3","6.3","9.9","6.2","17091","2440","65.5","6.5","59.0","6.4","10.0","5.0","6224","1113","31.8","7.7","29.8","7.7","6.1","5.4","6578","1107","64.4","8.3","57.1","10.0","11.3","10.8","6821","1691","51.7","13.6","49.1","13.6","5.0","5.0","4211","887","48.2","9.4","44.9","9.4","6.9","5.8","74366","5961","64.3","3.2","59.9","3.5","6.8","2.1","3854","955","39.9","12.8","34.8","14.3","12.8","20.4","3456","1472","55.1","24.9","55.1","24.9","0.0","8.3","6711","1585","66.5","10.8","53.2","10.9","20.1","16.3","2608","689","70.1","15.0","59.4","16.1","15.3","14.5","4690","1054","59.9","9.2","55.2","9.1","7.8","6.4","57333","4096","69.4","3.5","64.9","3.3","6.4","2.1"
"High school graduate (includes equivalency)","29804","2829","73.1","4.2","68.2","4.3","6.7","3.0","211702","7603","73.9","1.8","66.1","2.0","10.5","1.5","24616","2301","64.9","5.7","62.3","5.8","4.0","2.0","14248","1287","66.7","4.8","63.3","4.9","5.0","2.4","13122","1264","71.1","5.8","69.3","5.7","2.6","1.9","20999","2229","67.9","4.6","64.8","5.0","4.5","3.6","16256","1650","61.9","6.7","58.7","6.8","5.3","3.2","17321","1757","62.9","4.1","60.8","5.0","3.4","3.8","39020","3447","70.0","3.5","66.8","3.8","4.6","2.2","119251","5090","72.1","2.3","68.1","2.2","5.5","1.4","19399","1680","65.1","5.4","58.6","5.4","5.5","2.3","371946","10624","70.6","1.4","65.7","1.5","6.9","0.9","10095","1088","73.2","6.0","70.6","6.3","3.5","2.7","12737","1699","74.2","5.4","72.4","5.6","2.5","2.5","89545","4669","75.4","2.5","71.6","2.6","5.0","1.4","139957","6306","75.1","2.3","72.4","2.5","3.6","1.2","114065","6976","67.7","3.3","61.7","3.8","8.8","2.8","34186","2918","71.3","4.0","68.0","4.3","4.6","2.5","35111","2582","66.1","4.2","64.0","4.6","3.2","1.8","58066","3049","73.5","2.9","67.9","3.0","7.3","2.0","13499","1547","72.6","5.5","69.7","5.9","4.1","3.8","51381","3244","73.0","3.1","69.4","3.3","4.5","1.7","22590","1624","73.1","5.0","69.1","5.3","5.0","2.1","15343","2061","80.8","6.0","78.0","6.5","3.5","2.5","383625","9834","76.3","1.1","72.8","1.1","4.6","0.7","21488","2197","72.0","4.9","68.2","5.2","5.0","2.7","68964","4734","66.9","3.1","64.3","3.2","3.9","1.4","33223","3025","75.7","3.2","73.4","3.4","3.1","1.6","18547","1969","65.1","4.5","61.4","4.7","5.7","3.1","25698","2404","81.6","3.7","77.6","4.1","3.8","1.9","23506","2383","67.8","7.3","60.5","6.5","10.8","7.1","18119","1286","70.4","5.0","67.3","4.8","4.5","1.9","190481","7229","75.4","1.9","71.9","2.1","4.7","1.0","13349","1752","70.6","7.8","60.5","8.1","14.4","9.1","8113","1493","73.4","7.8","69.0","8.0","5.9","5.0","28361","2470","65.8","4.2","62.8","4.1","4.5","2.6","9916","1369","73.3","7.9","70.4","7.8","4.0","3.1","16206","1440","75.0","4.2","71.6","4.3","4.5","2.8","94398","5424","75.2","2.6","71.6","2.8","4.8","1.8"
"Some college or associate's degree","43675","3191","80.0","2.9","76.5","3.2","4.4","2.0","207859","8130","78.0","1.6","71.2","1.7","8.6","1.5","31351","2381","77.7","4.5","73.9","4.8","4.8","2.2","13422","1113","80.0","4.1","76.6","4.5","2.9","2.2","14133","1273","77.3","4.1","75.6","4.4","2.2","2.2","21786","1897","74.4","5.2","72.8","5.2","2.2","1.1","13759","1528","81.0","4.6","77.0","5.0","4.9","3.6","11044","1388","77.9","5.4","74.2","5.7","4.3","4.0","50040","3420","82.4","3.1","79.2","3.4","3.9","1.7","154508","6130","80.5","1.6","77.5","1.6","3.5","0.8","19584","1732","73.0","4.7","57.8","6.1","3.1","1.9","294746","8752","77.5","1.3","71.6","1.4","7.5","1.0","12130","1219","66.3","6.2","62.2","6.4","5.3","3.3","10836","1386","85.5","5.3","83.1","5.6","2.9","2.4","119085","4503","80.1","1.7","76.9","1.7","3.9","1.3","171210","5482","81.3","1.8","78.4","1.7","3.3","0.7","131611","8307","77.2","2.6","72.0","2.3","6.7","1.6","40024","2755","79.4","3.3","75.0","3.6","5.3","2.0","40079","2355","78.6","3.3","74.8","3.4","4.6","1.7","72524","3451","79.0","2.0","74.2","2.2","5.8","1.6","17616","1793","79.0","6.2","78.1","6.2","0.6","0.6","60458","3350","79.8","2.4","75.9","2.7","4.0","1.6","20464","1933","78.3","4.1","75.2","4.2","3.9","2.4","14837","1945","77.2","5.0","74.7","5.1","3.2","2.5","309502","8074","80.5","1.3","76.9","1.5","4.5","0.7","28165","2274","80.9","3.2","77.5","3.3","3.5","1.8","67620","4184","78.3","2.9","75.6","3.0","3.4","1.5","41136","2902","79.0","4.2","76.0","4.2","3.3","1.4","15776","1817","75.7","4.5","71.6","4.5","5.4","3.4","35925","2564","81.5","3.6","78.6","3.8","2.1","1.2","29021","3033","80.0","4.8","71.0","5.4","11.0","5.6","15547","1290","78.3","3.8","75.4","4.0","3.5","1.9","224484","7571","80.9","1.5","78.7","1.7","2.6","0.7","11377","2027","71.3","7.4","68.4","7.6","4.1","3.0","11071","1513","79.4","5.0","76.7","5.3","3.3","2.6","29963","2480","77.9","3.6","73.3","4.1","5.5","2.5","11215","1331","84.7","4.8","81.2","5.4","4.1","3.7","16205","1751","78.3","4.8","73.1","5.3","6.7","3.7","102514","5562","81.8","1.8","78.6","2.1","3.8","1.7"
"Bachelor's degree or higher","71819","3429","88.1","1.9","86.7","1.9","1.6","0.8","158265","7911","87.0","1.7","82.3","2.0","5.1","1.2","27244","2609","84.9","3.3","83.4","3.2","1.7","1.0","7603","1029","85.2","3.8","85.0","3.9","0.3","0.5","9570","1477","84.4","5.1","81.5","5.4","3.4","2.9","14664","1761","86.3","3.4","81.3","3.8","5.8","3.8","10870","1539","87.4","5.7","84.9","6.1","2.1","2.1","9145","1167","86.4","5.4","84.6","5.3","2.2","1.5","56197","3302","86.5","2.1","84.3","2.3","2.5","1.1","181146","5405","90.1","1.0","87.8","1.1","2.3","0.5","12527","1605","87.6","4.4","71.7","5.7","2.6","2.2","590657","9652","90.2","0.7","86.7","0.7","3.8","0.4","7748","1186","88.8","4.2","86.2","5.3","3.0","3.0","9740","1179","83.8","5.0","80.0","5.6","4.5","3.7","148361","5045","88.9","1.2","86.9","1.3","2.2","0.7","347266","7950","86.7","0.8","84.5","0.9","2.5","0.5","647199","9333","89.2","0.9","86.5","1.0","2.9","0.5","30184","2862","88.2","2.5","86.7","2.5","1.7","1.0","29223","2487","90.1","2.2","88.1","2.3","1.8","1.0","91578","4072","86.7","1.7","84.8","1.9","1.9","0.6","22011","2067","84.9","3.4","82.5","3.8","2.8","1.8","62251","3471","86.6","2.1","83.9","2.2","1.6","0.8","11722","1300","89.0","5.0","85.7","5.2","3.8","2.0","22508","2344","86.4","3.9","83.6","4.0","3.3","2.3","446160","8824","88.5","0.7","85.3","0.9","3.5","0.4","28538","2183","91.0","2.9","88.6","3.1","2.4","2.2","95440","5022","84.7","1.6","82.6","1.9","2.3","0.8","63685","3325","89.5","1.9","85.9","2.1","4.0","1.3","13839","1814","84.9","4.3","82.2","4.5","2.8","1.9","56287","2945","88.3","2.0","85.9","2.2","1.7","0.7","21869","2525","89.3","3.2","85.7","3.6","3.6","2.3","11656","1070","88.6","2.6","86.4","3.4","2.5","1.8","302862","8278","86.5","1.2","84.2","1.2","2.5","0.5","10845","1797","80.4","5.9","78.9","5.8","1.8","1.3","25011","2048","80.5","4.9","79.0","4.8","1.8","1.8","31782","2597","83.6","3.3","82.2","3.5","1.7","1.1","10489","1358","83.4","6.0","82.2","6.1","1.4","1.6","9876","1321","87.4","4.3","86.3","4.5","1.2","1.2","258357","5785","86.0","1.3","83.3","1.3","3.1","0.6"